index,quantity
40000,3
40001,2
40002,3
40003,3
40004,3
40005,4
40006,2
40007,5
40008,1
40009,1
40010,3
40011,3
40012,3
40013,1
40014,3
40015,4
40016,5
40017,1
40018,2
40019,2
40020,5
40021,5
40022,2
40023,4
40024,4
40025,4
40026,3
40027,5
40028,1
40029,0
40030,4
40031,4
40032,3
40033,2
40034,3
40035,5
40036,3
40037,1
40038,5
40039,4
40040,5
40041,5
40042,3
40043,4
40044,3
40045,5
40046,2
40047,1
40048,5
40049,4
40050,5
40051,4
40052,3
40053,2
40054,2
40055,2
40056,1
40057,4
40058,0
40059,3
40060,4
40061,5
40062,3
40063,3
40064,3
40065,2
40066,3
40067,3
40068,3
40069,2
40070,2
40071,4
40072,3
40073,3
40074,2
40075,3
40076,0
40077,3
40078,2
40079,3
40080,3
40081,2
40082,1
40083,0
40084,2
40085,5
40086,1
40087,2
40088,5
40089,5
40090,4
40091,2
40092,5
40093,3
40094,3
40095,2
40096,2
40097,3
40098,3
40099,3
40100,4
40101,3
40102,1
40103,0
40104,3
40105,3
40106,3
40107,1
40108,1
40109,2
40110,4
40111,3
40112,4
40113,3
40114,3
40115,1
40116,5
40117,2
40118,2
40119,4
40120,4
40121,3
40122,1
40123,3
40124,3
40125,0
40126,4
40127,3
40128,3
40129,3
40130,4
40131,3
40132,3
40133,2
40134,2
40135,5
40136,3
40137,5
40138,3
40139,3
40140,1
40141,3
40142,5
40143,1
40144,2
40145,2
40146,4
40147,3
40148,2
40149,3
40150,2
40151,0
40152,1
40153,5
40154,3
40155,4
40156,3
40157,4
40158,2
40159,2
40160,4
40161,2
40162,2
40163,4
40164,2
40165,3
40166,3
40167,3
40168,3
40169,3
40170,3
40171,4
40172,2
40173,4
40174,4
40175,3
40176,0
40177,5
40178,2
40179,5
40180,2
40181,4
40182,2
40183,5
40184,5
40185,4
40186,4
40187,3
40188,1
40189,1
40190,2
40191,2
40192,3
40193,3
40194,3
40195,1
40196,5
40197,3
40198,3
40199,4
40200,4
40201,4
40202,5
40203,1
40204,2
40205,2
40206,3
40207,3
40208,3
40209,3
40210,2
40211,1
40212,1
40213,3
40214,3
40215,5
40216,3
40217,3
40218,3
40219,3
40220,3
40221,3
40222,3
40223,0
40224,2
40225,3
40226,4
40227,1
40228,3
40229,3
40230,5
40231,3
40232,2
40233,1
40234,5
40235,3
40236,3
40237,3
40238,5
40239,5
40240,3
40241,0
40242,4
40243,2
40244,1
40245,3
40246,3
40247,2
40248,3
40249,1
40250,5
40251,4
40252,2
40253,4
40254,2
40255,2
40256,3
40257,3
40258,0
40259,5
40260,2
40261,3
40262,3
40263,2
40264,5
40265,0
40266,3
40267,2
40268,2
40269,4
40270,3
40271,3
40272,5
40273,5
40274,3
40275,5
40276,5
40277,3
40278,1
40279,3
40280,2
40281,3
40282,3
40283,3
40284,3
40285,3
40286,3
40287,3
40288,3
40289,3
40290,0
40291,3
40292,3
40293,3
40294,3
40295,3
40296,3
40297,2
40298,5
40299,2
40300,2
40301,2
40302,1
40303,0
40304,3
40305,1
40306,2
40307,3
40308,3
40309,3
40310,4
40311,3
40312,2
40313,1
40314,4
40315,5
40316,1
40317,3
40318,3
40319,3
40320,3
40321,4
40322,4
40323,3
40324,3
40325,0
40326,3
40327,0
40328,5
40329,2
40330,5
40331,5
40332,4
40333,3
40334,4
40335,3
40336,2
40337,5
40338,4
40339,3
40340,4
40341,4
40342,2
40343,3
40344,3
40345,3
40346,1
40347,4
40348,3
40349,3
40350,3
40351,3
40352,4
40353,3
40354,1
40355,5
40356,4
40357,1
40358,1
40359,5
40360,1
40361,3
40362,2
40363,3
40364,3
40365,2
40366,5
40367,2
40368,5
40369,3
40370,5
40371,2
40372,3
40373,2
40374,3
40375,3
40376,3
40377,4
40378,2
40379,3
40380,3
40381,5
40382,3
40383,2
40384,2
40385,3
40386,3
40387,5
40388,3
40389,3
40390,5
40391,4
40392,2
40393,2
40394,2
40395,0
40396,4
40397,3
40398,2
40399,1
40400,3
40401,2
40402,3
40403,3
40404,5
40405,5
40406,1
40407,3
40408,3
40409,2
40410,3
40411,3
40412,3
40413,3
40414,1
40415,4
40416,3
40417,3
40418,0
40419,1
40420,1
40421,1
40422,5
40423,5
40424,3
40425,3
40426,5
40427,5
40428,4
40429,3
40430,3
40431,3
40432,3
40433,2
40434,3
40435,2
40436,2
40437,2
40438,3
40439,3
40440,4
40441,2
40442,3
40443,3
40444,3
40445,3
40446,3
40447,1
40448,1
40449,1
40450,2
40451,5
40452,3
40453,2
40454,3
40455,3
40456,5
40457,5
40458,3
40459,3
40460,3
40461,3
40462,2
40463,5
40464,5
40465,1
40466,1
40467,3
40468,2
40469,2
40470,1
40471,5
40472,3
40473,5
40474,2
40475,0
40476,3
40477,5
40478,3
40479,2
40480,4
40481,5
40482,3
40483,3
40484,5
40485,3
40486,2
40487,3
40488,3
40489,3
40490,3
40491,2
40492,3
40493,3
40494,3
40495,2
40496,2
40497,3
40498,2
40499,5
40500,5
40501,3
40502,1
40503,3
40504,2
40505,3
40506,4
40507,5
40508,2
40509,3
40510,4
40511,3
40512,1
40513,4
40514,5
40515,3
40516,3
40517,3
40518,3
40519,3
40520,3
40521,1
40522,2
40523,3
40524,3
40525,2
40526,4
40527,3
40528,1
40529,2
40530,3
40531,3
40532,2
40533,3
40534,3
40535,5
40536,3
40537,3
40538,3
40539,3
40540,3
40541,1
40542,4
40543,3
40544,3
40545,2
40546,3
40547,3
40548,2
40549,3
40550,5
40551,3
40552,3
40553,1
40554,4
40555,2
40556,5
40557,3
40558,4
40559,2
40560,3
40561,0
40562,3
40563,3
40564,5
40565,2
40566,3
40567,3
40568,4
40569,4
40570,3
40571,1
40572,4
40573,3
40574,1
40575,3
40576,5
40577,3
40578,1
40579,4
40580,3
40581,3
40582,4
40583,2
40584,2
40585,3
40586,3
40587,3
40588,3
40589,2
40590,5
40591,4
40592,2
40593,0
40594,2
40595,1
40596,1
40597,4
40598,3
40599,4
40600,3
40601,5
40602,1
40603,3
40604,5
40605,2
40606,3
40607,3
40608,5
40609,3
40610,4
40611,1
40612,3
40613,4
40614,2
40615,2
40616,2
40617,4
40618,4
40619,3
40620,3
40621,4
40622,1
40623,4
40624,2
40625,2
40626,3
40627,1
40628,4
40629,2
40630,2
40631,3
40632,2
40633,4
40634,5
40635,2
40636,2
40637,4
40638,2
40639,2
40640,5
40641,3
40642,3
40643,5
40644,4
40645,2
40646,2
40647,3
40648,4
40649,3
40650,2
40651,4
40652,2
40653,2
40654,2
40655,5
40656,3
40657,1
40658,3
40659,5
40660,3
40661,2
40662,3
40663,2
40664,5
40665,3
40666,4
40667,1
40668,3
40669,4
40670,2
40671,1
40672,3
40673,4
40674,3
40675,3
40676,3
40677,1
40678,3
40679,2
40680,3
40681,3
40682,3
40683,3
40684,3
40685,3
40686,3
40687,3
40688,3
40689,2
40690,1
40691,2
40692,5
40693,0
40694,4
40695,5
40696,3
40697,4
40698,2
40699,3
40700,3
40701,2
40702,4
40703,4
40704,0
40705,5
40706,3
40707,4
40708,2
40709,3
40710,4
40711,5
40712,3
40713,2
40714,1
40715,2
40716,3
40717,4
40718,4
40719,1
40720,3
40721,3
40722,2
40723,1
40724,5
40725,4
40726,3
40727,3
40728,3
40729,4
40730,2
40731,1
40732,3
40733,3
40734,2
40735,3
40736,5
40737,3
40738,2
40739,5
40740,3
40741,1
40742,4
40743,3
40744,4
40745,3
40746,4
40747,5
40748,3
40749,3
40750,2
40751,3
40752,3
40753,4
40754,3
40755,4
40756,3
40757,4
40758,2
40759,3
40760,2
40761,3
40762,4
40763,3
40764,1
40765,2
40766,3
40767,5
40768,5
40769,3
40770,5
40771,2
40772,3
40773,3
40774,3
40775,4
40776,2
40777,3
40778,1
40779,3
40780,3
40781,3
40782,2
40783,3
40784,3
40785,4
40786,3
40787,1
40788,3
40789,3
40790,3
40791,1
40792,4
40793,4
40794,2
40795,3
40796,4
40797,3
40798,5
40799,2
40800,3
40801,4
40802,4
40803,4
40804,4
40805,5
40806,3
40807,0
40808,3
40809,1
40810,3
40811,2
40812,4
40813,2
40814,5
40815,1
40816,1
40817,5
40818,2
40819,3
40820,4
40821,3
40822,2
40823,1
40824,3
40825,1
40826,3
40827,5
40828,3
40829,3
40830,4
40831,1
40832,5
40833,5
40834,5
40835,3
40836,3
40837,5
40838,4
40839,3
40840,4
40841,4
40842,1
40843,1
40844,3
40845,2
40846,2
40847,1
40848,2
40849,3
40850,2
40851,5
40852,5
40853,3
40854,1
40855,2
40856,5
40857,4
40858,3
40859,4
40860,3
40861,4
40862,4
40863,4
40864,1
40865,4
40866,3
40867,4
40868,3
40869,4
40870,1
40871,1
40872,5
40873,3
40874,3
40875,3
40876,1
40877,2
40878,4
40879,3
40880,5
40881,3
40882,1
40883,3
40884,3
40885,3
40886,2
40887,3
40888,2
40889,5
40890,5
40891,3
40892,5
40893,3
40894,2
40895,3
40896,3
40897,3
40898,0
40899,4
40900,3
40901,4
40902,4
40903,1
40904,1
40905,5
40906,0
40907,1
40908,0
40909,3
40910,1
40911,4
40912,3
40913,1
40914,3
40915,3
40916,1
40917,3
40918,3
40919,0
40920,3
40921,2
40922,1
40923,2
40924,5
40925,5
40926,4
40927,2
40928,5
40929,3
40930,4
40931,3
40932,2
40933,2
40934,3
40935,3
40936,3
40937,4
40938,3
40939,2
40940,3
40941,5
40942,4
40943,3
40944,3
40945,1
40946,3
40947,1
40948,4
40949,2
40950,2
40951,4
40952,2
40953,4
40954,2
40955,4
40956,2
40957,2
40958,3
40959,1
40960,1
40961,4
40962,3
40963,1
40964,2
40965,2
40966,4
40967,3
40968,2
40969,2
40970,3
40971,1
40972,1
40973,3
40974,3
40975,3
40976,2
40977,1
40978,5
40979,2
40980,1
40981,4
40982,4
40983,3
40984,3
40985,2
40986,1
40987,1
40988,3
40989,3
40990,3
40991,3
40992,2
40993,2
40994,4
40995,4
40996,4
40997,5
40998,0
40999,3
41000,2
41001,3
41002,5
41003,1
41004,4
41005,3
41006,2
41007,2
41008,4
41009,3
41010,3
41011,2
41012,2
41013,2
41014,3
41015,2
41016,5
41017,3
41018,1
41019,3
41020,3
41021,2
41022,4
41023,1
41024,1
41025,3
41026,3
41027,3
41028,2
41029,3
41030,2
41031,3
41032,3
41033,4
41034,2
41035,5
41036,2
41037,4
41038,4
41039,3
41040,3
41041,2
41042,2
41043,4
41044,3
41045,3
41046,2
41047,2
41048,4
41049,3
41050,3
41051,4
41052,2
41053,3
41054,1
41055,3
41056,0
41057,1
41058,2
41059,3
41060,2
41061,2
41062,3
41063,3
41064,2
41065,4
41066,5
41067,3
41068,3
41069,2
41070,2
41071,2
41072,3
41073,2
41074,3
41075,2
41076,5
41077,4
41078,3
41079,1
41080,1
41081,4
41082,3
41083,5
41084,3
41085,3
41086,5
41087,2
41088,3
41089,2
41090,2
41091,4
41092,3
41093,2
41094,3
41095,1
41096,4
41097,3
41098,1
41099,3
41100,0
41101,3
41102,3
41103,3
41104,1
41105,3
41106,4
41107,2
41108,2
41109,3
41110,0
41111,3
41112,3
41113,5
41114,2
41115,1
41116,5
41117,1
41118,2
41119,3
41120,5
41121,5
41122,3
41123,2
41124,4
41125,1
41126,3
41127,2
41128,2
41129,1
41130,2
41131,2
41132,1
41133,2
41134,3
41135,5
41136,3
41137,1
41138,4
41139,3
41140,4
41141,3
41142,4
41143,2
41144,3
41145,2
41146,3
41147,5
41148,3
41149,1
41150,3
41151,4
41152,2
41153,3
41154,2
41155,2
41156,3
41157,5
41158,2
41159,2
41160,4
41161,1
41162,3
41163,3
41164,3
41165,5
41166,5
41167,2
41168,4
41169,2
41170,2
41171,0
41172,3
41173,4
41174,2
41175,3
41176,4
41177,5
41178,3
41179,3
41180,3
41181,2
41182,3
41183,3
41184,2
41185,4
41186,3
41187,3
41188,1
41189,3
41190,4
41191,1
41192,3
41193,3
41194,0
41195,2
41196,2
41197,2
41198,3
41199,3
41200,1
41201,4
41202,4
41203,0
41204,3
41205,5
41206,3
41207,2
41208,3
41209,2
41210,3
41211,3
41212,2
41213,3
41214,4
41215,4
41216,5
41217,5
41218,3
41219,3
41220,3
41221,2
41222,3
41223,2
41224,0
41225,2
41226,4
41227,4
41228,3
41229,3
41230,4
41231,2
41232,3
41233,3
41234,2
41235,3
41236,2
41237,2
41238,1
41239,4
41240,1
41241,3
41242,5
41243,2
41244,2
41245,3
41246,1
41247,0
41248,2
41249,2
41250,1
41251,3
41252,2
41253,4
41254,2
41255,4
41256,5
41257,4
41258,3
41259,2
41260,4
41261,3
41262,0
41263,4
41264,1
41265,3
41266,1
41267,4
41268,5
41269,2
41270,4
41271,1
41272,5
41273,3
41274,2
41275,3
41276,3
41277,4
41278,3
41279,2
41280,3
41281,1
41282,1
41283,2
41284,2
41285,1
41286,1
41287,2
41288,3
41289,1
41290,3
41291,4
41292,5
41293,3
41294,5
41295,3
41296,3
41297,2
41298,4
41299,2
41300,3
41301,5
41302,3
41303,5
41304,0
41305,4
41306,1
41307,1
41308,2
41309,5
41310,3
41311,5
41312,1
41313,5
41314,3
41315,3
41316,1
41317,4
41318,4
41319,2
41320,4
41321,4
41322,4
41323,1
41324,3
41325,3
41326,3
41327,2
41328,5
41329,3
41330,2
41331,2
41332,5
41333,1
41334,3
41335,4
41336,1
41337,1
41338,4
41339,3
41340,3
41341,5
41342,3
41343,2
41344,3
41345,3
41346,5
41347,5
41348,3
41349,4
41350,3
41351,5
41352,5
41353,3
41354,1
41355,3
41356,1
41357,3
41358,3
41359,3
41360,5
41361,3
41362,4
41363,2
41364,4
41365,1
41366,3
41367,3
41368,3
41369,5
41370,4
41371,1
41372,3
41373,1
41374,5
41375,5
41376,3
41377,3
41378,4
41379,0
41380,5
41381,4
41382,5
41383,0
41384,4
41385,3
41386,2
41387,1
41388,5
41389,2
41390,5
41391,3
41392,3
41393,2
41394,3
41395,4
41396,3
41397,3
41398,3
41399,3
41400,4
41401,3
41402,2
41403,4
41404,3
41405,4
41406,5
41407,3
41408,5
41409,1
41410,3
41411,5
41412,3
41413,4
41414,1
41415,3
41416,2
41417,3
41418,4
41419,5
41420,3
41421,3
41422,1
41423,3
41424,1
41425,2
41426,3
41427,3
41428,3
41429,5
41430,1
41431,3
41432,3
41433,3
41434,3
41435,2
41436,2
41437,3
41438,3
41439,5
41440,2
41441,3
41442,1
41443,1
41444,0
41445,1
41446,5
41447,3
41448,5
41449,2
41450,0
41451,3
41452,5
41453,5
41454,2
41455,1
41456,3
41457,1
41458,4
41459,5
41460,3
41461,3
41462,5
41463,4
41464,2
41465,3
41466,3
41467,3
41468,3
41469,2
41470,3
41471,1
41472,5
41473,4
41474,4
41475,2
41476,5
41477,3
41478,2
41479,1
41480,3
41481,3
41482,5
41483,1
41484,3
41485,5
41486,1
41487,5
41488,2
41489,3
41490,4
41491,2
41492,3
41493,1
41494,2
41495,5
41496,3
41497,3
41498,3
41499,4
41500,3
41501,2
41502,3
41503,3
41504,3
41505,4
41506,2
41507,3
41508,2
41509,3
41510,2
41511,4
41512,5
41513,2
41514,3
41515,3
41516,5
41517,5
41518,5
41519,1
41520,3
41521,1
41522,5
41523,5
41524,1
41525,5
41526,3
41527,3
41528,2
41529,2
41530,3
41531,3
41532,3
41533,2
41534,5
41535,1
41536,2
41537,4
41538,4
41539,0
41540,4
41541,2
41542,4
41543,3
41544,3
41545,2
41546,3
41547,4
41548,2
41549,3
41550,2
41551,4
41552,2
41553,3
41554,4
41555,2
41556,5
41557,3
41558,5
41559,3
41560,3
41561,3
41562,3
41563,2
41564,4
41565,3
41566,3
41567,1
41568,2
41569,5
41570,5
41571,2
41572,4
41573,5
41574,1
41575,1
41576,0
41577,1
41578,3
41579,3
41580,3
41581,1
41582,4
41583,2
41584,3
41585,4
41586,4
41587,3
41588,2
41589,3
41590,4
41591,3
41592,3
41593,3
41594,3
41595,5
41596,3
41597,3
41598,3
41599,5
41600,5
41601,3
41602,5
41603,4
41604,5
41605,2
41606,4
41607,3
41608,5
41609,3
41610,3
41611,2
41612,3
41613,1
41614,3
41615,4
41616,3
41617,2
41618,2
41619,4
41620,5
41621,1
41622,2
41623,3
41624,5
41625,1
41626,1
41627,5
41628,2
41629,4
41630,3
41631,3
41632,0
41633,2
41634,5
41635,4
41636,3
41637,5
41638,3
41639,3
41640,3
41641,1
41642,3
41643,4
41644,1
41645,3
41646,2
41647,3
41648,4
41649,3
41650,3
41651,3
41652,1
41653,1
41654,3
41655,3
41656,3
41657,3
41658,2
41659,2
41660,1
41661,3
41662,3
41663,5
41664,5
41665,2
41666,3
41667,1
41668,2
41669,3
41670,3
41671,3
41672,3
41673,2
41674,5
41675,3
41676,3
41677,1
41678,3
41679,2
41680,2
41681,4
41682,4
41683,4
41684,1
41685,3
41686,2
41687,4
41688,1
41689,3
41690,1
41691,4
41692,4
41693,1
41694,5
41695,4
41696,2
41697,3
41698,3
41699,3
41700,5
41701,3
41702,4
41703,3
41704,3
41705,4
41706,5
41707,3
41708,1
41709,3
41710,1
41711,4
41712,3
41713,3
41714,3
41715,5
41716,3
41717,2
41718,5
41719,1
41720,1
41721,3
41722,1
41723,4
41724,3
41725,3
41726,4
41727,2
41728,1
41729,3
41730,3
41731,3
41732,5
41733,3
41734,2
41735,5
41736,2
41737,3
41738,3
41739,3
41740,3
41741,2
41742,3
41743,3
41744,3
41745,2
41746,4
41747,5
41748,5
41749,4
41750,1
41751,2
41752,2
41753,3
41754,4
41755,2
41756,0
41757,3
41758,1
41759,3
41760,4
41761,2
41762,2
41763,3
41764,4
41765,3
41766,1
41767,2
41768,4
41769,3
41770,3
41771,5
41772,4
41773,2
41774,3
41775,1
41776,1
41777,4
41778,5
41779,3
41780,3
41781,3
41782,3
41783,3
41784,4
41785,3
41786,3
41787,5
41788,2
41789,3
41790,5
41791,4
41792,3
41793,3
41794,2
41795,4
41796,3
41797,5
41798,1
41799,3
41800,3
41801,2
41802,5
41803,4
41804,3
41805,1
41806,2
41807,3
41808,3
41809,2
41810,3
41811,2
41812,4
41813,1
41814,5
41815,4
41816,4
41817,3
41818,3
41819,1
41820,3
41821,3
41822,2
41823,5
41824,1
41825,3
41826,5
41827,1
41828,2
41829,3
41830,4
41831,2
41832,5
41833,2
41834,2
41835,1
41836,2
41837,3
41838,2
41839,2
41840,2
41841,3
41842,5
41843,2
41844,5
41845,2
41846,5
41847,1
41848,3
41849,3
41850,2
41851,3
41852,3
41853,3
41854,3
41855,4
41856,2
41857,3
41858,5
41859,3
41860,3
41861,2
41862,1
41863,2
41864,3
41865,1
41866,4
41867,3
41868,1
41869,2
41870,2
41871,4
41872,3
41873,1
41874,3
41875,4
41876,3
41877,3
41878,4
41879,2
41880,2
41881,5
41882,3
41883,3
41884,0
41885,3
41886,4
41887,3
41888,5
41889,4
41890,2
41891,2
41892,3
41893,3
41894,2
41895,3
41896,3
41897,3
41898,5
41899,0
41900,2
41901,5
41902,3
41903,1
41904,5
41905,3
41906,2
41907,5
41908,4
41909,4
41910,3
41911,4
41912,3
41913,1
41914,3
41915,3
41916,3
41917,3
41918,3
41919,2
41920,5
41921,2
41922,2
41923,3
41924,3
41925,1
41926,3
41927,5
41928,2
41929,2
41930,3
41931,3
41932,3
41933,3
41934,1
41935,1
41936,1
41937,4
41938,3
41939,2
41940,4
41941,1
41942,3
41943,1
41944,3
41945,3
41946,1
41947,4
41948,2
41949,1
41950,3
41951,3
41952,4
41953,3
41954,5
41955,5
41956,4
41957,2
41958,3
41959,5
41960,4
41961,3
41962,3
41963,1
41964,4
41965,2
41966,5
41967,2
41968,1
41969,2
41970,3
41971,2
41972,4
41973,2
41974,3
41975,1
41976,0
41977,2
41978,1
41979,1
41980,3
41981,5
41982,2
41983,5
41984,1
41985,2
41986,3
41987,4
41988,4
41989,3
41990,3
41991,4
41992,5
41993,5
41994,3
41995,2
41996,4
41997,1
41998,4
41999,2
42000,1
42001,4
42002,3
42003,5
42004,3
42005,3
42006,4
42007,2
42008,4
42009,3
42010,5
42011,3
42012,4
42013,5
42014,5
42015,2
42016,4
42017,3
42018,3
42019,2
42020,2
42021,4
42022,3
42023,2
42024,1
42025,3
42026,2
42027,3
42028,4
42029,5
42030,4
42031,3
42032,2
42033,3
42034,3
42035,3
42036,2
42037,3
42038,3
42039,3
42040,5
42041,3
42042,3
42043,5
42044,3
42045,1
42046,1
42047,2
42048,1
42049,4
42050,2
42051,5
42052,4
42053,3
42054,3
42055,3
42056,1
42057,5
42058,4
42059,3
42060,4
42061,4
42062,4
42063,4
42064,0
42065,4
42066,2
42067,2
42068,4
42069,2
42070,3
42071,5
42072,3
42073,2
42074,3
42075,2
42076,3
42077,4
42078,1
42079,3
42080,3
42081,3
42082,3
42083,2
42084,3
42085,1
42086,5
42087,5
42088,5
42089,3
42090,2
42091,5
42092,2
42093,4
42094,3
42095,3
42096,4
42097,3
42098,4
42099,4
42100,4
42101,0
42102,3
42103,2
42104,3
42105,3
42106,2
42107,3
42108,3
42109,3
42110,3
42111,2
42112,3
42113,3
42114,2
42115,2
42116,3
42117,2
42118,5
42119,2
42120,3
42121,2
42122,3
42123,2
42124,0
42125,1
42126,4
42127,3
42128,2
42129,5
42130,4
42131,3
42132,2
42133,5
42134,3
42135,3
42136,3
42137,5
42138,2
42139,3
42140,3
42141,5
42142,3
42143,2
42144,4
42145,3
42146,3
42147,3
42148,2
42149,2
42150,5
42151,2
42152,4
42153,2
42154,4
42155,3
42156,5
42157,2
42158,0
42159,3
42160,0
42161,5
42162,3
42163,4
42164,1
42165,1
42166,3
42167,1
42168,4
42169,0
42170,1
42171,3
42172,4
42173,1
42174,5
42175,3
42176,5
42177,4
42178,3
42179,5
42180,5
42181,4
42182,3
42183,4
42184,3
42185,3
42186,3
42187,3
42188,3
42189,4
42190,2
42191,4
42192,2
42193,3
42194,1
42195,3
42196,0
42197,2
42198,3
42199,4
42200,1
42201,2
42202,0
42203,3
42204,4
42205,3
42206,3
42207,4
42208,3
42209,3
42210,4
42211,2
42212,3
42213,1
42214,3
42215,3
42216,2
42217,3
42218,4
42219,2
42220,0
42221,4
42222,2
42223,3
42224,5
42225,3
42226,3
42227,3
42228,3
42229,3
42230,3
42231,4
42232,3
42233,2
42234,2
42235,3
42236,0
42237,4
42238,4
42239,5
42240,4
42241,3
42242,5
42243,5
42244,2
42245,3
42246,4
42247,1
42248,5
42249,4
42250,1
42251,2
42252,3
42253,3
42254,5
42255,3
42256,3
42257,2
42258,5
42259,4
42260,3
42261,0
42262,2
42263,5
42264,5
42265,4
42266,3
42267,3
42268,4
42269,2
42270,3
42271,1
42272,3
42273,3
42274,3
42275,3
42276,3
42277,1
42278,2
42279,2
42280,2
42281,0
42282,3
42283,3
42284,2
42285,4
42286,0
42287,4
42288,5
42289,3
42290,4
42291,4
42292,2
42293,4
42294,5
42295,5
42296,3
42297,4
42298,5
42299,4
42300,2
42301,4
42302,2
42303,3
42304,5
42305,4
42306,5
42307,3
42308,3
42309,4
42310,2
42311,3
42312,1
42313,2
42314,3
42315,3
42316,2
42317,3
42318,3
42319,2
42320,1
42321,1
42322,2
42323,3
42324,3
42325,1
42326,3
42327,1
42328,3
42329,5
42330,0
42331,3
42332,3
42333,3
42334,3
42335,3
42336,3
42337,2
42338,3
42339,4
42340,1
42341,2
42342,4
42343,3
42344,3
42345,4
42346,5
42347,5
42348,3
42349,4
42350,1
42351,2
42352,4
42353,2
42354,2
42355,5
42356,2
42357,1
42358,3
42359,5
42360,2
42361,2
42362,3
42363,3
42364,2
42365,3
42366,3
42367,3
42368,3
42369,3
42370,3
42371,3
42372,2
42373,5
42374,5
42375,3
42376,2
42377,3
42378,4
42379,3
42380,0
42381,2
42382,2
42383,3
42384,2
42385,0
42386,2
42387,2
42388,4
42389,1
42390,4
42391,5
42392,3
42393,3
42394,2
42395,1
42396,5
42397,2
42398,2
42399,2
42400,2
42401,4
42402,3
42403,3
42404,3
42405,4
42406,3
42407,4
42408,1
42409,3
42410,5
42411,4
42412,5
42413,2
42414,3
42415,1
42416,2
42417,3
42418,3
42419,5
42420,4
42421,5
42422,2
42423,3
42424,2
42425,3
42426,4
42427,4
42428,3
42429,2
42430,5
42431,2
42432,0
42433,3
42434,2
42435,4
42436,4
42437,3
42438,2
42439,3
42440,3
42441,2
42442,5
42443,3
42444,4
42445,3
42446,5
42447,2
42448,4
42449,3
42450,4
42451,4
42452,1
42453,4
42454,3
42455,4
42456,4
42457,2
42458,2
42459,3
42460,5
42461,3
42462,5
42463,1
42464,3
42465,3
42466,5
42467,5
42468,4
42469,3
42470,4
42471,3
42472,5
42473,3
42474,3
42475,4
42476,5
42477,3
42478,1
42479,3
42480,3
42481,4
42482,2
42483,2
42484,3
42485,3
42486,2
42487,3
42488,3
42489,5
42490,3
42491,5
42492,3
42493,1
42494,1
42495,5
42496,4
42497,4
42498,1
42499,1
42500,1
42501,3
42502,4
42503,3
42504,3
42505,1
42506,3
42507,1
42508,5
42509,4
42510,3
42511,4
42512,4
42513,3
42514,4
42515,2
42516,3
42517,3
42518,3
42519,4
42520,3
42521,3
42522,2
42523,3
42524,4
42525,2
42526,2
42527,4
42528,3
42529,1
42530,1
42531,2
42532,5
42533,4
42534,2
42535,3
42536,3
42537,4
42538,4
42539,3
42540,2
42541,3
42542,3
42543,2
42544,4
42545,3
42546,1
42547,5
42548,5
42549,2
42550,4
42551,3
42552,3
42553,5
42554,2
42555,2
42556,2
42557,4
42558,3
42559,2
42560,3
42561,4
42562,4
42563,3
42564,2
42565,3
42566,5
42567,2
42568,3
42569,3
42570,5
42571,3
42572,3
42573,5
42574,3
42575,3
42576,2
42577,3
42578,1
42579,3
42580,1
42581,4
42582,5
42583,1
42584,4
42585,0
42586,3
42587,4
42588,4
42589,5
42590,1
42591,3
42592,1
42593,2
42594,3
42595,4
42596,3
42597,3
42598,1
42599,3
42600,3
42601,2
42602,5
42603,2
42604,3
42605,1
42606,3
42607,3
42608,3
42609,3
42610,4
42611,5
42612,3
42613,0
42614,3
42615,2
42616,4
42617,3
42618,3
42619,4
42620,4
42621,2
42622,2
42623,3
42624,2
42625,1
42626,2
42627,3
42628,1
42629,3
42630,1
42631,3
42632,4
42633,3
42634,4
42635,3
42636,4
42637,2
42638,3
42639,2
42640,3
42641,1
42642,2
42643,5
42644,2
42645,4
42646,5
42647,2
42648,3
42649,2
42650,5
42651,5
42652,1
42653,2
42654,3
42655,2
42656,2
42657,2
42658,3
42659,2
42660,3
42661,2
42662,3
42663,2
42664,2
42665,5
42666,1
42667,2
42668,4
42669,2
42670,5
42671,2
42672,5
42673,3
42674,2
42675,2
42676,2
42677,4
42678,4
42679,3
42680,1
42681,4
42682,2
42683,3
42684,0
42685,2
42686,2
42687,5
42688,2
42689,2
42690,5
42691,3
42692,3
42693,3
42694,3
42695,1
42696,4
42697,4
42698,2
42699,3
42700,2
42701,3
42702,3
42703,4
42704,2
42705,1
42706,0
42707,5
42708,1
42709,5
42710,3
42711,2
42712,3
42713,4
42714,2
42715,2
42716,4
42717,2
42718,3
42719,5
42720,2
42721,2
42722,5
42723,3
42724,4
42725,4
42726,5
42727,5
42728,3
42729,3
42730,1
42731,3
42732,5
42733,2
42734,3
42735,4
42736,4
42737,3
42738,4
42739,2
42740,3
42741,3
42742,3
42743,2
42744,1
42745,5
42746,4
42747,3
42748,3
42749,4
42750,2
42751,2
42752,5
42753,5
42754,0
42755,5
42756,5
42757,4
42758,3
42759,4
42760,3
42761,1
42762,1
42763,3
42764,2
42765,3
42766,4
42767,5
42768,2
42769,2
42770,5
42771,1
42772,3
42773,4
42774,4
42775,4
42776,3
42777,5
42778,5
42779,5
42780,2
42781,2
42782,4
42783,2
42784,5
42785,5
42786,3
42787,4
42788,2
42789,3
42790,1
42791,3
42792,3
42793,4
42794,3
42795,5
42796,3
42797,3
42798,2
42799,0
42800,3
42801,3
42802,2
42803,4
42804,2
42805,3
42806,3
42807,2
42808,1
42809,4
42810,4
42811,2
42812,3
42813,5
42814,4
42815,2
42816,4
42817,3
42818,3
42819,4
42820,3
42821,2
42822,2
42823,1
42824,3
42825,1
42826,4
42827,2
42828,4
42829,3
42830,4
42831,3
42832,2
42833,5
42834,4
42835,0
42836,3
42837,2
42838,4
42839,1
42840,2
42841,1
42842,2
42843,5
42844,4
42845,2
42846,3
42847,1
42848,3
42849,3
42850,3
42851,5
42852,1
42853,3
42854,3
42855,1
42856,4
42857,3
42858,1
42859,2
42860,3
42861,3
42862,5
42863,2
42864,4
42865,3
42866,1
42867,3
42868,2
42869,3
42870,4
42871,3
42872,4
42873,2
42874,4
42875,4
42876,4
42877,0
42878,2
42879,2
42880,4
42881,4
42882,5
42883,2
42884,3
42885,1
42886,1
42887,4
42888,1
42889,5
42890,2
42891,3
42892,3
42893,2
42894,4
42895,5
42896,5
42897,3
42898,1
42899,2
42900,5
42901,3
42902,1
42903,5
42904,3
42905,1
42906,5
42907,1
42908,3
42909,3
42910,5
42911,3
42912,5
42913,3
42914,2
42915,2
42916,3
42917,4
42918,3
42919,5
42920,4
42921,0
42922,2
42923,3
42924,3
42925,2
42926,3
42927,3
42928,2
42929,4
42930,5
42931,4
42932,2
42933,0
42934,4
42935,1
42936,3
42937,3
42938,2
42939,4
42940,2
42941,4
42942,3
42943,3
42944,3
42945,3
42946,3
42947,4
42948,2
42949,3
42950,5
42951,3
42952,1
42953,3
42954,4
42955,3
42956,4
42957,2
42958,2
42959,3
42960,3
42961,3
42962,3
42963,4
42964,3
42965,3
42966,3
42967,4
42968,3
42969,4
42970,5
42971,2
42972,5
42973,3
42974,3
42975,3
42976,4
42977,3
42978,3
42979,4
42980,2
42981,3
42982,2
42983,4
42984,5
42985,5
42986,0
42987,5
42988,3
42989,5
42990,3
42991,2
42992,3
42993,5
42994,3
42995,5
42996,2
42997,3
42998,3
42999,4
43000,3
43001,5
43002,5
43003,2
43004,4
43005,4
43006,4
43007,3
43008,5
43009,3
43010,3
43011,1
43012,2
43013,2
43014,3
43015,2
43016,5
43017,3
43018,3
43019,3
43020,1
43021,3
43022,3
43023,5
43024,5
43025,5
43026,3
43027,5
43028,5
43029,3
43030,4
43031,2
43032,4
43033,3
43034,2
43035,5
43036,3
43037,0
43038,4
43039,5
43040,4
43041,2
43042,3
43043,2
43044,4
43045,3
43046,5
43047,3
43048,5
43049,1
43050,4
43051,1
43052,5
43053,3
43054,3
43055,5
43056,2
43057,2
43058,3
43059,2
43060,2
43061,4
43062,3
43063,2
43064,3
43065,5
43066,3
43067,2
43068,3
43069,3
43070,4
43071,1
43072,5
43073,3
43074,2
43075,3
43076,3
43077,3
43078,3
43079,2
43080,3
43081,3
43082,3
43083,3
43084,3
43085,4
43086,3
43087,2
43088,1
43089,1
43090,5
43091,3
43092,3
43093,2
43094,5
43095,3
43096,2
43097,1
43098,4
43099,2
43100,2
43101,0
43102,3
43103,4
43104,4
43105,3
43106,3
43107,4
43108,3
43109,3
43110,5
43111,3
43112,5
43113,2
43114,3
43115,0
43116,1
43117,3
43118,3
43119,2
43120,3
43121,3
43122,4
43123,3
43124,2
43125,5
43126,2
43127,3
43128,3
43129,5
43130,2
43131,3
43132,2
43133,3
43134,1
43135,3
43136,4
43137,5
43138,4
43139,1
43140,4
43141,2
43142,2
43143,4
43144,1
43145,2
43146,2
43147,0
43148,3
43149,5
43150,3
43151,3
43152,3
43153,4
43154,2
43155,4
43156,3
43157,3
43158,4
43159,5
43160,1
43161,5
43162,4
43163,1
43164,1
43165,1
43166,3
43167,1
43168,3
43169,4
43170,3
43171,3
43172,3
43173,5
43174,2
43175,4
43176,5
43177,5
43178,4
43179,3
43180,4
43181,1
43182,4
43183,2
43184,4
43185,1
43186,3
43187,2
43188,3
43189,2
43190,1
43191,4
43192,1
43193,3
43194,3
43195,4
43196,2
43197,3
43198,3
43199,2
43200,2
43201,3
43202,2
43203,2
43204,2
43205,1
43206,5
43207,3
43208,2
43209,3
43210,4
43211,5
43212,4
43213,3
43214,5
43215,3
43216,4
43217,1
43218,4
43219,3
43220,4
43221,1
43222,1
43223,4
43224,4
43225,3
43226,5
43227,4
43228,0
43229,4
43230,1
43231,3
43232,4
43233,2
43234,3
43235,1
43236,3
43237,2
43238,3
43239,3
43240,3
43241,1
43242,5
43243,2
43244,2
43245,2
43246,1
43247,3
43248,3
43249,2
43250,2
43251,2
43252,3
43253,5
43254,3
43255,3
43256,2
43257,4
43258,4
43259,5
43260,3
43261,1
43262,2
43263,2
43264,2
43265,3
43266,2
43267,3
43268,4
43269,3
43270,4
43271,4
43272,4
43273,3
43274,2
43275,4
43276,3
43277,2
43278,3
43279,2
43280,3
43281,3
43282,4
43283,3
43284,5
43285,3
43286,3
43287,3
43288,5
43289,0
43290,4
43291,3
43292,1
43293,3
43294,2
43295,2
43296,1
43297,3
43298,1
43299,2
43300,1
43301,3
43302,3
43303,1
43304,3
43305,4
43306,3
43307,3
43308,3
43309,3
43310,3
43311,2
43312,3
43313,2
43314,0
43315,2
43316,3
43317,2
43318,2
43319,4
43320,1
43321,0
43322,2
43323,2
43324,2
43325,2
43326,4
43327,4
43328,2
43329,3
43330,3
43331,1
43332,3
43333,2
43334,5
43335,2
43336,5
43337,2
43338,4
43339,0
43340,2
43341,3
43342,1
43343,4
43344,3
43345,3
43346,2
43347,2
43348,3
43349,2
43350,2
43351,5
43352,2
43353,3
43354,4
43355,1
43356,3
43357,3
43358,1
43359,3
43360,1
43361,2
43362,1
43363,2
43364,1
43365,3
43366,1
43367,4
43368,2
43369,3
43370,2
43371,2
43372,1
43373,5
43374,0
43375,3
43376,5
43377,1
43378,1
43379,4
43380,4
43381,2
43382,5
43383,2
43384,4
43385,2
43386,3
43387,2
43388,3
43389,3
43390,3
43391,1
43392,3
43393,1
43394,3
43395,3
43396,2
43397,2
43398,5
43399,1
43400,5
43401,5
43402,5
43403,3
43404,3
43405,3
43406,2
43407,1
43408,4
43409,3
43410,3
43411,2
43412,3
43413,5
43414,3
43415,2
43416,1
43417,0
43418,5
43419,2
43420,5
43421,3
43422,4
43423,5
43424,4
43425,4
43426,3
43427,4
43428,4
43429,3
43430,4
43431,2
43432,2
43433,3
43434,2
43435,2
43436,0
43437,2
43438,1
43439,3
43440,2
43441,1
43442,1
43443,1
43444,2
43445,5
43446,2
43447,2
43448,5
43449,4
43450,4
43451,2
43452,2
43453,3
43454,1
43455,4
43456,3
43457,2
43458,2
43459,1
43460,3
43461,3
43462,3
43463,3
43464,3
43465,3
43466,0
43467,2
43468,3
43469,4
43470,3
43471,4
43472,3
43473,2
43474,1
43475,4
43476,4
43477,3
43478,2
43479,3
43480,2
43481,5
43482,3
43483,2
43484,3
43485,3
43486,3
43487,3
43488,2
43489,3
43490,4
43491,1
43492,3
43493,4
43494,3
43495,3
43496,5
43497,3
43498,3
43499,4
43500,3
43501,4
43502,1
43503,1
43504,5
43505,2
43506,3
43507,3
43508,5
43509,3
43510,2
43511,3
43512,5
43513,4
43514,4
43515,5
43516,2
43517,4
43518,5
43519,1
43520,3
43521,5
43522,2
43523,2
43524,5
43525,3
43526,4
43527,3
43528,2
43529,3
43530,5
43531,2
43532,2
43533,3
43534,3
43535,5
43536,3
43537,3
43538,5
43539,3
43540,2
43541,3
43542,1
43543,1
43544,4
43545,5
43546,3
43547,0
43548,1
43549,2
43550,5
43551,5
43552,3
43553,3
43554,2
43555,4
43556,2
43557,5
43558,3
43559,3
43560,3
43561,5
43562,5
43563,4
43564,3
43565,1
43566,2
43567,4
43568,5
43569,3
43570,3
43571,2
43572,3
43573,3
43574,3
43575,2
43576,3
43577,0
43578,1
43579,5
43580,3
43581,3
43582,2
43583,1
43584,4
43585,3
43586,5
43587,4
43588,5
43589,2
43590,4
43591,2
43592,3
43593,3
43594,3
43595,5
43596,3
43597,3
43598,5
43599,3
43600,3
43601,3
43602,5
43603,2
43604,2
43605,2
43606,3
43607,3
43608,2
43609,3
43610,4
43611,1
43612,0
43613,1
43614,5
43615,4
43616,3
43617,3
43618,2
43619,1
43620,3
43621,4
43622,3
43623,2
43624,2
43625,4
43626,1
43627,3
43628,1
43629,2
43630,2
43631,4
43632,5
43633,3
43634,5
43635,3
43636,2
43637,3
43638,0
43639,1
43640,3
43641,5
43642,3
43643,2
43644,2
43645,1
43646,4
43647,4
43648,2
43649,3
43650,3
43651,3
43652,3
43653,3
43654,5
43655,3
43656,5
43657,2
43658,4
43659,1
43660,2
43661,2
43662,3
43663,1
43664,4
43665,2
43666,2
43667,4
43668,3
43669,2
43670,4
43671,4
43672,1
43673,2
43674,4
43675,0
43676,4
43677,3
43678,3
43679,3
43680,2
43681,3
43682,4
43683,0
43684,3
43685,3
43686,3
43687,4
43688,5
43689,3
43690,2
43691,3
43692,2
43693,3
43694,4
43695,4
43696,3
43697,5
43698,3
43699,3
43700,3
43701,1
43702,4
43703,3
43704,3
43705,2
43706,1
43707,1
43708,3
43709,1
43710,3
43711,3
43712,5
43713,3
43714,3
43715,3
43716,3
43717,4
43718,4
43719,2
43720,3
43721,3
43722,5
43723,2
43724,1
43725,0
43726,2
43727,2
43728,3
43729,4
43730,5
43731,3
43732,3
43733,3
43734,2
43735,4
43736,3
43737,3
43738,3
43739,1
43740,0
43741,2
43742,2
43743,3
43744,1
43745,4
43746,2
43747,4
43748,1
43749,3
43750,5
43751,3
43752,1
43753,1
43754,2
43755,1
43756,4
43757,3
43758,3
43759,2
43760,0
43761,3
43762,2
43763,3
43764,3
43765,5
43766,2
43767,5
43768,4
43769,3
43770,2
43771,4
43772,3
43773,1
43774,1
43775,1
43776,3
43777,4
43778,1
43779,2
43780,2
43781,2
43782,3
43783,2
43784,4
43785,3
43786,4
43787,3
43788,3
43789,3
43790,5
43791,2
43792,1
43793,4
43794,2
43795,3
43796,5
43797,4
43798,4
43799,4
43800,3
43801,3
43802,4
43803,3
43804,4
43805,3
43806,5
43807,3
43808,3
43809,3
43810,2
43811,4
43812,5
43813,4
43814,2
43815,2
43816,0
43817,3
43818,1
43819,4
43820,3
43821,2
43822,4
43823,2
43824,2
43825,4
43826,4
43827,1
43828,2
43829,1
43830,1
43831,2
43832,3
43833,1
43834,5
43835,3
43836,1
43837,3
43838,3
43839,5
43840,4
43841,2
43842,5
43843,2
43844,3
43845,1
43846,3
43847,4
43848,3
43849,3
43850,1
43851,2
43852,4
43853,3
43854,3
43855,3
43856,3
43857,3
43858,2
43859,4
43860,1
43861,0
43862,5
43863,5
43864,4
43865,4
43866,2
43867,1
43868,5
43869,5
43870,4
43871,2
43872,3
43873,4
43874,3
43875,4
43876,4
43877,4
43878,3
43879,3
43880,2
43881,5
43882,1
43883,0
43884,3
43885,2
43886,3
43887,3
43888,2
43889,3
43890,3
43891,3
43892,2
43893,3
43894,5
43895,1
43896,3
43897,1
43898,4
43899,2
43900,5
43901,3
43902,4
43903,2
43904,1
43905,2
43906,5
43907,1
43908,3
43909,2
43910,5
43911,2
43912,3
43913,0
43914,3
43915,3
43916,3
43917,4
43918,3
43919,4
43920,1
43921,2
43922,3
43923,4
43924,2
43925,3
43926,3
43927,3
43928,2
43929,4
43930,3
43931,4
43932,2
43933,3
43934,3
43935,3
43936,1
43937,4
43938,3
43939,3
43940,3
43941,1
43942,3
43943,5
43944,3
43945,3
43946,2
43947,3
43948,1
43949,4
43950,2
43951,3
43952,5
43953,3
43954,1
43955,5
43956,2
43957,4
43958,4
43959,5
43960,3
43961,3
43962,5
43963,4
43964,5
43965,2
43966,2
43967,2
43968,4
43969,2
43970,4
43971,5
43972,1
43973,4
43974,3
43975,3
43976,3
43977,2
43978,4
43979,2
43980,2
43981,3
43982,3
43983,3
43984,4
43985,3
43986,3
43987,5
43988,5
43989,5
43990,3
43991,5
43992,3
43993,1
43994,2
43995,2
43996,3
43997,4
43998,3
43999,5
44000,3
44001,3
44002,5
44003,4
44004,1
44005,3
44006,4
44007,0
44008,3
44009,4
44010,2
44011,0
44012,5
44013,2
44014,4
44015,3
44016,2
44017,4
44018,3
44019,3
44020,5
44021,3
44022,4
44023,2
44024,3
44025,3
44026,3
44027,1
44028,4
44029,2
44030,3
44031,3
44032,1
44033,4
44034,5
44035,3
44036,3
44037,3
44038,1
44039,4
44040,5
44041,1
44042,3
44043,3
44044,4
44045,5
44046,5
44047,3
44048,3
44049,3
44050,1
44051,2
44052,5
44053,3
44054,5
44055,1
44056,5
44057,4
44058,2
44059,1
44060,3
44061,0
44062,2
44063,3
44064,1
44065,1
44066,4
44067,3
44068,3
44069,5
44070,3
44071,4
44072,2
44073,0
44074,3
44075,3
44076,5
44077,1
44078,3
44079,2
44080,0
44081,5
44082,4
44083,4
44084,4
44085,3
44086,3
44087,4
44088,3
44089,2
44090,1
44091,4
44092,3
44093,3
44094,4
44095,4
44096,1
44097,4
44098,4
44099,3
44100,4
44101,1
44102,5
44103,2
44104,1
44105,3
44106,2
44107,5
44108,3
44109,1
44110,2
44111,3
44112,0
44113,5
44114,5
44115,3
44116,1
44117,5
44118,2
44119,4
44120,3
44121,4
44122,3
44123,5
44124,1
44125,2
44126,2
44127,5
44128,4
44129,0
44130,4
44131,5
44132,5
44133,2
44134,2
44135,0
44136,5
44137,3
44138,5
44139,3
44140,1
44141,4
44142,2
44143,2
44144,3
44145,3
44146,4
44147,3
44148,2
44149,3
44150,5
44151,2
44152,3
44153,0
44154,2
44155,3
44156,1
44157,3
44158,2
44159,3
44160,4
44161,3
44162,4
44163,1
44164,2
44165,3
44166,2
44167,3
44168,2
44169,3
44170,3
44171,1
44172,2
44173,5
44174,5
44175,5
44176,2
44177,3
44178,4
44179,4
44180,2
44181,3
44182,1
44183,5
44184,2
44185,3
44186,3
44187,2
44188,2
44189,2
44190,2
44191,3
44192,3
44193,3
44194,1
44195,2
44196,1
44197,3
44198,5
44199,3
44200,5
44201,4
44202,3
44203,4
44204,3
44205,5
44206,2
44207,5
44208,4
44209,3
44210,5
44211,3
44212,3
44213,2
44214,3
44215,2
44216,2
44217,2
44218,0
44219,1
44220,2
44221,3
44222,3
44223,0
44224,0
44225,3
44226,2
44227,1
44228,4
44229,4
44230,4
44231,4
44232,2
44233,1
44234,1
44235,3
44236,3
44237,2
44238,2
44239,4
44240,3
44241,4
44242,2
44243,3
44244,2
44245,1
44246,3
44247,4
44248,1
44249,3
44250,3
44251,1
44252,2
44253,2
44254,1
44255,0
44256,2
44257,1
44258,5
44259,3
44260,3
44261,2
44262,3
44263,4
44264,3
44265,5
44266,4
44267,3
44268,4
44269,3
44270,3
44271,3
44272,3
44273,3
44274,3
44275,3
44276,2
44277,3
44278,3
44279,4
44280,3
44281,2
44282,1
44283,2
44284,4
44285,3
44286,0
44287,4
44288,2
44289,4
44290,3
44291,3
44292,1
44293,4
44294,2
44295,3
44296,2
44297,5
44298,3
44299,3
44300,3
44301,1
44302,3
44303,3
44304,5
44305,3
44306,2
44307,1
44308,3
44309,3
44310,5
44311,2
44312,3
44313,3
44314,5
44315,3
44316,1
44317,5
44318,2
44319,4
44320,3
44321,4
44322,1
44323,1
44324,3
44325,5
44326,2
44327,4
44328,3
44329,2
44330,5
44331,4
44332,1
44333,3
44334,3
44335,5
44336,3
44337,2
44338,3
44339,3
44340,4
44341,5
44342,3
44343,4
44344,3
44345,2
44346,3
44347,3
44348,1
44349,5
44350,4
44351,3
44352,4
44353,3
44354,5
44355,5
44356,5
44357,3
44358,4
44359,3
44360,5
44361,4
44362,3
44363,3
44364,2
44365,3
44366,4
44367,1
44368,3
44369,2
44370,4
44371,3
44372,3
44373,3
44374,3
44375,2
44376,1
44377,1
44378,2
44379,2
44380,0
44381,2
44382,5
44383,3
44384,3
44385,5
44386,5
44387,3
44388,2
44389,5
44390,3
44391,2
44392,2
44393,5
44394,4
44395,5
44396,3
44397,3
44398,3
44399,2
44400,5
44401,3
44402,3
44403,5
44404,2
44405,3
44406,3
44407,3
44408,5
44409,3
44410,1
44411,0
44412,3
44413,0
44414,3
44415,2
44416,1
44417,3
44418,2
44419,5
44420,5
44421,2
44422,4
44423,3
44424,2
44425,2
44426,4
44427,4
44428,2
44429,1
44430,3
44431,2
44432,3
44433,5
44434,0
44435,2
44436,1
44437,3
44438,1
44439,3
44440,1
44441,1
44442,1
44443,2
44444,4
44445,3
44446,4
44447,1
44448,2
44449,3
44450,2
44451,5
44452,4
44453,3
44454,4
44455,3
44456,3
44457,1
44458,3
44459,3
44460,3
44461,2
44462,1
44463,5
44464,1
44465,4
44466,4
44467,3
44468,3
44469,1
44470,1
44471,5
44472,2
44473,2
44474,1
44475,1
44476,3
44477,2
44478,3
44479,3
44480,1
44481,4
44482,1
44483,2
44484,2
44485,3
44486,2
44487,1
44488,3
44489,4
44490,1
44491,2
44492,5
44493,2
44494,2
44495,4
44496,4
44497,3
44498,1
44499,3
44500,5
44501,3
44502,4
44503,3
44504,3
44505,3
44506,3
44507,3
44508,3
44509,5
44510,1
44511,1
44512,4
44513,1
44514,3
44515,0
44516,2
44517,4
44518,2
44519,2
44520,3
44521,3
44522,5
44523,3
44524,5
44525,3
44526,3
44527,1
44528,5
44529,2
44530,5
44531,2
44532,3
44533,4
44534,4
44535,4
44536,3
44537,3
44538,3
44539,3
44540,2
44541,3
44542,5
44543,4
44544,5
44545,3
44546,2
44547,5
44548,4
44549,5
44550,4
44551,5
44552,1
44553,4
44554,1
44555,2
44556,1
44557,3
44558,2
44559,0
44560,2
44561,1
44562,3
44563,3
44564,2
44565,3
44566,2
44567,3
44568,5
44569,0
44570,3
44571,2
44572,3
44573,5
44574,3
44575,2
44576,1
44577,3
44578,1
44579,4
44580,3
44581,1
44582,5
44583,2
44584,3
44585,4
44586,3
44587,3
44588,2
44589,3
44590,5
44591,4
44592,1
44593,3
44594,5
44595,4
44596,2
44597,2
44598,2
44599,3
44600,5
44601,3
44602,3
44603,4
44604,3
44605,1
44606,3
44607,3
44608,4
44609,3
44610,3
44611,4
44612,3
44613,1
44614,5
44615,2
44616,3
44617,3
44618,3
44619,3
44620,3
44621,4
44622,3
44623,1
44624,4
44625,5
44626,5
44627,1
44628,3
44629,3
44630,4
44631,2
44632,3
44633,2
44634,3
44635,3
44636,3
44637,1
44638,3
44639,4
44640,1
44641,2
44642,5
44643,3
44644,3
44645,3
44646,1
44647,3
44648,4
44649,3
44650,3
44651,3
44652,4
44653,3
44654,3
44655,1
44656,1
44657,3
44658,1
44659,5
44660,2
44661,2
44662,5
44663,2
44664,2
44665,3
44666,4
44667,3
44668,3
44669,3
44670,3
44671,2
44672,3
44673,5
44674,3
44675,2
44676,2
44677,2
44678,2
44679,2
44680,2
44681,2
44682,2
44683,5
44684,3
44685,4
44686,4
44687,4
44688,5
44689,3
44690,1
44691,3
44692,1
44693,4
44694,3
44695,3
44696,5
44697,3
44698,3
44699,5
44700,3
44701,3
44702,3
44703,2
44704,4
44705,4
44706,3
44707,1
44708,4
44709,5
44710,3
44711,3
44712,3
44713,2
44714,2
44715,3
44716,3
44717,4
44718,2
44719,3
44720,2
44721,1
44722,2
44723,4
44724,3
44725,2
44726,2
44727,5
44728,1
44729,1
44730,2
44731,3
44732,4
44733,5
44734,5
44735,4
44736,5
44737,3
44738,3
44739,2
44740,3
44741,4
44742,3
44743,4
44744,4
44745,4
44746,3
44747,3
44748,3
44749,2
44750,1
44751,2
44752,5
44753,4
44754,1
44755,4
44756,4
44757,2
44758,3
44759,3
44760,2
44761,3
44762,3
44763,2
44764,3
44765,2
44766,2
44767,2
44768,4
44769,2
44770,3
44771,4
44772,3
44773,3
44774,1
44775,3
44776,2
44777,3
44778,3
44779,5
44780,3
44781,3
44782,5
44783,2
44784,4
44785,3
44786,3
44787,3
44788,2
44789,4
44790,4
44791,3
44792,1
44793,2
44794,2
44795,5
44796,3
44797,3
44798,3
44799,4
44800,3
44801,5
44802,5
44803,2
44804,3
44805,3
44806,3
44807,3
44808,2
44809,5
44810,3
44811,2
44812,5
44813,1
44814,0
44815,3
44816,3
44817,4
44818,3
44819,2
44820,2
44821,1
44822,5
44823,3
44824,2
44825,5
44826,3
44827,2
44828,2
44829,2
44830,2
44831,4
44832,4
44833,3
44834,2
44835,4
44836,2
44837,3
44838,3
44839,2
44840,1
44841,3
44842,3
44843,3
44844,3
44845,4
44846,3
44847,3
44848,4
44849,5
44850,2
44851,4
44852,3
44853,1
44854,3
44855,2
44856,3
44857,5
44858,3
44859,3
44860,2
44861,4
44862,3
44863,2
44864,2
44865,5
44866,2
44867,1
44868,2
44869,4
44870,4
44871,4
44872,3
44873,2
44874,3
44875,2
44876,1
44877,2
44878,4
44879,2
44880,1
44881,5
44882,5
44883,4
44884,5
44885,5
44886,3
44887,3
44888,3
44889,1
44890,1
44891,2
44892,3
44893,3
44894,2
44895,5
44896,2
44897,3
44898,4
44899,2
44900,4
44901,2
44902,2
44903,5
44904,4
44905,3
44906,5
44907,2
44908,3
44909,5
44910,1
44911,5
44912,4
44913,0
44914,3
44915,4
44916,5
44917,5
44918,2
44919,1
44920,2
44921,3
44922,4
44923,4
44924,3
44925,3
44926,2
44927,5
44928,1
44929,3
44930,3
44931,2
44932,5
44933,5
44934,5
44935,1
44936,1
44937,3
44938,2
44939,2
44940,3
44941,2
44942,2
44943,2
44944,3
44945,5
44946,3
44947,3
44948,4
44949,2
44950,0
44951,3
44952,2
44953,5
44954,3
44955,3
44956,3
44957,4
44958,3
44959,3
44960,3
44961,3
44962,4
44963,5
44964,3
44965,2
44966,1
44967,3
44968,4
44969,3
44970,3
44971,3
44972,3
44973,4
44974,4
44975,4
44976,4
44977,3
44978,5
44979,3
44980,2
44981,3
44982,3
44983,3
44984,2
44985,1
44986,4
44987,1
44988,2
44989,5
44990,1
44991,3
44992,3
44993,2
44994,0
44995,2
44996,5
44997,4
44998,2
44999,2
45000,4
45001,4
45002,1
45003,3
45004,3
45005,1
45006,4
45007,3
45008,0
45009,3
45010,3
45011,4
45012,3
45013,3
45014,2
45015,3
45016,3
45017,1
45018,2
45019,1
45020,3
45021,5
45022,3
45023,3
45024,3
45025,3
45026,2
45027,3
45028,1
45029,3
45030,1
45031,3
45032,4
45033,2
45034,3
45035,4
45036,3
45037,0
45038,5
45039,2
45040,5
45041,5
45042,1
45043,5
45044,3
45045,4
45046,2
45047,2
45048,5
45049,2
45050,2
45051,4
45052,3
45053,3
45054,2
45055,3
45056,1
45057,1
45058,0
45059,1
45060,3
45061,1
45062,3
45063,3
45064,3
45065,4
45066,1
45067,3
45068,2
45069,4
45070,3
45071,3
45072,2
45073,2
45074,4
45075,4
45076,3
45077,3
45078,1
45079,4
45080,0
45081,1
45082,4
45083,3
45084,4
45085,3
45086,5
45087,3
45088,3
45089,1
45090,1
45091,3
45092,4
45093,4
45094,3
45095,3
45096,2
45097,3
45098,3
45099,2
45100,1
45101,2
45102,5
45103,3
45104,2
45105,3
45106,1
45107,5
45108,1
45109,3
45110,3
45111,3
45112,2
45113,3
45114,4
45115,3
45116,3
45117,3
45118,3
45119,5
45120,3
45121,1
45122,3
45123,1
45124,3
45125,4
45126,5
45127,3
45128,2
45129,3
45130,2
45131,2
45132,3
45133,3
45134,4
45135,2
45136,2
45137,5
45138,3
45139,3
45140,5
45141,3
45142,3
45143,2
45144,3
45145,4
45146,0
45147,1
45148,3
45149,1
45150,2
45151,3
45152,3
45153,2
45154,3
45155,4
45156,3
45157,3
45158,4
45159,4
45160,2
45161,1
45162,3
45163,3
45164,2
45165,0
45166,1
45167,3
45168,3
45169,3
45170,2
45171,3
45172,3
45173,3
45174,2
45175,4
45176,2
45177,4
45178,1
45179,2
45180,2
45181,3
45182,3
45183,1
45184,1
45185,3
45186,2
45187,0
45188,4
45189,5
45190,3
45191,3
45192,2
45193,4
45194,4
45195,3
45196,1
45197,2
45198,1
45199,3
45200,3
45201,5
45202,1
45203,3
45204,4
45205,4
45206,3
45207,2
45208,4
45209,2
45210,3
45211,3
45212,2
45213,2
45214,4
45215,3
45216,3
45217,3
45218,1
45219,3
45220,3
45221,3
45222,1
45223,1
45224,2
45225,3
45226,3
45227,2
45228,1
45229,4
45230,4
45231,4
45232,2
45233,5
45234,3
45235,2
45236,4
45237,5
45238,2
45239,4
45240,3
45241,5
45242,5
45243,3
45244,2
45245,3
45246,2
45247,1
45248,2
45249,4
45250,1
45251,3
45252,3
45253,3
45254,5
45255,5
45256,5
45257,0
45258,1
45259,2
45260,3
45261,3
45262,4
45263,3
45264,5
45265,3
45266,5
45267,2
45268,3
45269,2
45270,3
45271,0
45272,3
45273,3
45274,5
45275,3
45276,4
45277,1
45278,3
45279,2
45280,5
45281,2
45282,2
45283,3
45284,4
45285,5
45286,5
45287,3
45288,2
45289,2
45290,3
45291,2
45292,3
45293,4
45294,3
45295,3
45296,2
45297,5
45298,3
45299,3
45300,4
45301,2
45302,2
45303,5
45304,2
45305,3
45306,3
45307,2
45308,2
45309,2
45310,2
45311,3
45312,5
45313,4
45314,5
45315,5
45316,1
45317,3
45318,3
45319,4
45320,2
45321,0
45322,5
45323,3
45324,4
45325,3
45326,3
45327,4
45328,3
45329,5
45330,1
45331,5
45332,1
45333,1
45334,2
45335,3
45336,3
45337,2
45338,2
45339,1
45340,3
45341,3
45342,1
45343,3
45344,3
45345,3
45346,2
45347,3
45348,3
45349,1
45350,5
45351,3
45352,3
45353,3
45354,2
45355,5
45356,2
45357,3
45358,2
45359,3
45360,5
45361,4
45362,5
45363,3
45364,2
45365,3
45366,3
45367,3
45368,4
45369,3
45370,2
45371,5
45372,4
45373,4
45374,3
45375,2
45376,3
45377,3
45378,5
45379,4
45380,1
45381,3
45382,3
45383,5
45384,2
45385,5
45386,3
45387,3
45388,1
45389,3
45390,1
45391,3
45392,3
45393,3
45394,4
45395,1
45396,4
45397,1
45398,3
45399,1
45400,1
45401,5
45402,0
45403,3
45404,4
45405,4
45406,1
45407,3
45408,3
45409,3
45410,3
45411,5
45412,3
45413,4
45414,3
45415,3
45416,4
45417,3
45418,4
45419,4
45420,3
45421,5
45422,3
45423,5
45424,5
45425,2
45426,2
45427,4
45428,3
45429,4
45430,4
45431,3
45432,3
45433,3
45434,5
45435,2
45436,3
45437,3
45438,1
45439,4
45440,2
45441,2
45442,2
45443,1
45444,3
45445,3
45446,5
45447,2
45448,2
45449,3
45450,1
45451,3
45452,3
45453,2
45454,3
45455,4
45456,3
45457,3
45458,1
45459,1
45460,2
45461,3
45462,5
45463,3
45464,1
45465,3
45466,1
45467,4
45468,3
45469,3
45470,3
45471,0
45472,5
45473,1
45474,2
45475,5
45476,2
45477,2
45478,3
45479,4
45480,2
45481,3
45482,4
45483,1
45484,5
45485,4
45486,2
45487,5
45488,2
45489,3
45490,2
45491,3
45492,3
45493,1
45494,1
45495,4
45496,3
45497,3
45498,3
45499,5
45500,1
45501,3
45502,2
45503,3
45504,3
45505,0
45506,3
45507,2
45508,4
45509,2
45510,4
45511,2
45512,1
45513,5
45514,2
45515,4
45516,3
45517,2
45518,4
45519,3
45520,3
45521,3
45522,3
45523,5
45524,4
45525,3
45526,3
45527,3
45528,5
45529,5
45530,3
45531,2
45532,1
45533,5
45534,1
45535,5
45536,4
45537,1
45538,0
45539,4
45540,3
45541,4
45542,4
45543,3
45544,3
45545,4
45546,3
45547,2
45548,5
45549,2
45550,2
45551,3
45552,3
45553,4
45554,3
45555,4
45556,0
45557,3
45558,1
45559,4
45560,1
45561,3
45562,2
45563,1
45564,2
45565,3
45566,5
45567,3
45568,2
45569,3
45570,1
45571,2
45572,2
45573,3
45574,4
45575,4
45576,5
45577,3
45578,5
45579,3
45580,2
45581,2
45582,3
45583,2
45584,4
45585,2
45586,3
45587,5
45588,1
45589,2
45590,3
45591,2
45592,3
45593,5
45594,4
45595,4
45596,3
45597,3
45598,4
45599,2
45600,3
45601,1
45602,3
45603,3
45604,1
45605,3
45606,4
45607,3
45608,3
45609,4
45610,5
45611,1
45612,2
45613,5
45614,1
45615,3
45616,2
45617,4
45618,2
45619,0
45620,2
45621,3
45622,3
45623,2
45624,5
45625,1
45626,3
45627,3
45628,4
45629,2
45630,4
45631,5
45632,2
45633,3
45634,1
45635,0
45636,4
45637,2
45638,2
45639,1
45640,4
45641,5
45642,1
45643,1
45644,1
45645,5
45646,5
45647,5
45648,3
45649,2
45650,4
45651,5
45652,5
45653,2
45654,5
45655,3
45656,2
45657,4
45658,5
45659,1
45660,4
45661,4
45662,3
45663,3
45664,3
45665,2
45666,5
45667,5
45668,2
45669,3
45670,3
45671,1
45672,5
45673,3
45674,2
45675,3
45676,2
45677,3
45678,3
45679,4
45680,1
45681,2
45682,1
45683,3
45684,1
45685,2
45686,3
45687,3
45688,2
45689,3
45690,3
45691,5
45692,5
45693,3
45694,3
45695,3
45696,3
45697,1
45698,4
45699,3
45700,3
45701,1
45702,3
45703,3
45704,3
45705,4
45706,2
45707,4
45708,2
45709,3
45710,5
45711,2
45712,4
45713,4
45714,4
45715,3
45716,4
45717,0
45718,1
45719,3
45720,3
45721,4
45722,5
45723,5
45724,4
45725,2
45726,4
45727,1
45728,3
45729,2
45730,3
45731,4
45732,4
45733,3
45734,0
45735,3
45736,3
45737,4
45738,5
45739,3
45740,4
45741,5
45742,4
45743,3
45744,3
45745,2
45746,3
45747,4
45748,3
45749,2
45750,5
45751,2
45752,4
45753,5
45754,5
45755,1
45756,2
45757,3
45758,4
45759,1
45760,1
45761,4
45762,3
45763,0
45764,4
45765,3
45766,2
45767,2
45768,2
45769,4
45770,3
45771,4
45772,4
45773,3
45774,3
45775,1
45776,5
45777,4
45778,5
45779,2
45780,5
45781,4
45782,2
45783,2
45784,1
45785,5
45786,5
45787,5
45788,5
45789,4
45790,5
45791,3
45792,5
45793,2
45794,2
45795,3
45796,3
45797,1
45798,4
45799,2
45800,3
45801,2
45802,4
45803,2
45804,2
45805,5
45806,3
45807,0
45808,2
45809,1
45810,3
45811,3
45812,1
45813,2
45814,3
45815,5
45816,3
45817,3
45818,4
45819,1
45820,3
45821,3
45822,3
45823,4
45824,3
45825,3
45826,3
45827,1
45828,2
45829,3
45830,1
45831,3
45832,2
45833,2
45834,4
45835,1
45836,2
45837,1
45838,3
45839,2
45840,3
45841,5
45842,1
45843,2
45844,3
45845,3
45846,2
45847,2
45848,3
45849,3
45850,3
45851,2
45852,3
45853,2
45854,5
45855,1
45856,4
45857,5
45858,1
45859,2
45860,2
45861,5
45862,3
45863,1
45864,5
45865,5
45866,3
45867,3
45868,3
45869,1
45870,3
45871,3
45872,3
45873,5
45874,2
45875,2
45876,1
45877,2
45878,5
45879,2
45880,2
45881,3
45882,1
45883,3
45884,3
45885,1
45886,4
45887,3
45888,2
45889,5
45890,3
45891,2
45892,3
45893,3
45894,5
45895,2
45896,2
45897,5
45898,3
45899,3
45900,3
45901,3
45902,4
45903,4
45904,4
45905,3
45906,2
45907,3
45908,1
45909,5
45910,4
45911,3
45912,2
45913,2
45914,2
45915,3
45916,2
45917,2
45918,2
45919,2
45920,3
45921,3
45922,3
45923,3
45924,2
45925,5
45926,1
45927,3
45928,4
45929,3
45930,2
45931,3
45932,3
45933,5
45934,3
45935,1
45936,3
45937,2
45938,5
45939,5
45940,2
45941,2
45942,1
45943,1
45944,4
45945,2
45946,2
45947,3
45948,2
45949,3
45950,3
45951,3
45952,3
45953,5
45954,1
45955,2
45956,1
45957,3
45958,1
45959,4
45960,3
45961,4
45962,2
45963,4
45964,2
45965,1
45966,3
45967,2
45968,5
45969,5
45970,4
45971,4
45972,3
45973,1
45974,4
45975,5
45976,5
45977,3
45978,5
45979,1
45980,2
45981,3
45982,0
45983,1
45984,2
45985,2
45986,5
45987,5
45988,4
45989,2
45990,5
45991,5
45992,3
45993,4
45994,3
45995,3
45996,0
45997,3
45998,3
45999,4
46000,5
46001,1
46002,3
46003,3
46004,1
46005,3
46006,1
46007,1
46008,2
46009,3
46010,3
46011,3
46012,1
46013,4
46014,2
46015,3
46016,5
46017,3
46018,2
46019,1
46020,5
46021,3
46022,4
46023,2
46024,3
46025,4
46026,3
46027,2
46028,2
46029,3
46030,2
46031,3
46032,2
46033,1
46034,2
46035,5
46036,3
46037,3
46038,1
46039,0
46040,4
46041,3
46042,3
46043,5
46044,0
46045,3
46046,3
46047,3
46048,2
46049,1
46050,3
46051,3
46052,2
46053,2
46054,3
46055,0
46056,3
46057,3
46058,1
46059,2
46060,2
46061,3
46062,2
46063,3
46064,2
46065,3
46066,3
46067,4
46068,1
46069,2
46070,4
46071,3
46072,3
46073,5
46074,4
46075,1
46076,2
46077,5
46078,3
46079,3
46080,3
46081,5
46082,3
46083,1
46084,3
46085,5
46086,2
46087,2
46088,4
46089,3
46090,3
46091,4
46092,3
46093,3
46094,3
46095,3
46096,4
46097,4
46098,4
46099,3
46100,4
46101,5
46102,3
46103,3
46104,3
46105,3
46106,1
46107,3
46108,3
46109,5
46110,3
46111,3
46112,4
46113,4
46114,1
46115,3
46116,3
46117,3
46118,3
46119,3
46120,3
46121,4
46122,3
46123,1
46124,1
46125,3
46126,3
46127,2
46128,3
46129,3
46130,4
46131,3
46132,1
46133,2
46134,3
46135,3
46136,3
46137,1
46138,4
46139,4
46140,2
46141,2
46142,3
46143,4
46144,1
46145,4
46146,3
46147,5
46148,5
46149,4
46150,3
46151,5
46152,2
46153,5
46154,2
46155,3
46156,3
46157,4
46158,5
46159,2
46160,1
46161,1
46162,1
46163,3
46164,4
46165,4
46166,2
46167,4
46168,2
46169,5
46170,1
46171,3
46172,2
46173,4
46174,3
46175,4
46176,5
46177,2
46178,3
46179,3
46180,5
46181,0
46182,3
46183,4
46184,1
46185,2
46186,2
46187,5
46188,0
46189,0
46190,2
46191,1
46192,2
46193,4
46194,3
46195,3
46196,1
46197,2
46198,3
46199,2
46200,3
46201,3
46202,3
46203,1
46204,3
46205,1
46206,0
46207,2
46208,3
46209,3
46210,1
46211,5
46212,3
46213,3
46214,5
46215,3
46216,2
46217,3
46218,3
46219,3
46220,5
46221,2
46222,2
46223,2
46224,2
46225,3
46226,1
46227,4
46228,1
46229,1
46230,3
46231,1
46232,4
46233,3
46234,3
46235,4
46236,4
46237,3
46238,4
46239,5
46240,5
46241,3
46242,3
46243,1
46244,0
46245,2
46246,2
46247,3
46248,4
46249,3
46250,4
46251,2
46252,1
46253,3
46254,2
46255,4
46256,2
46257,3
46258,3
46259,3
46260,1
46261,1
46262,3
46263,3
46264,3
46265,2
46266,2
46267,2
46268,3
46269,3
46270,1
46271,3
46272,2
46273,4
46274,3
46275,5
46276,2
46277,1
46278,5
46279,4
46280,2
46281,2
46282,5
46283,3
46284,3
46285,3
46286,1
46287,1
46288,3
46289,3
46290,4
46291,3
46292,3
46293,2
46294,3
46295,3
46296,1
46297,3
46298,5
46299,3
46300,3
46301,5
46302,4
46303,4
46304,3
46305,4
46306,5
46307,1
46308,4
46309,2
46310,5
46311,5
46312,3
46313,3
46314,3
46315,5
46316,3
46317,4
46318,3
46319,3
46320,2
46321,1
46322,3
46323,1
46324,2
46325,2
46326,4
46327,5
46328,4
46329,3
46330,4
46331,3
46332,2
46333,4
46334,3
46335,2
46336,3
46337,4
46338,2
46339,3
46340,3
46341,3
46342,3
46343,2
46344,1
46345,4
46346,3
46347,4
46348,5
46349,4
46350,4
46351,5
46352,4
46353,3
46354,3
46355,4
46356,5
46357,3
46358,3
46359,1
46360,5
46361,1
46362,5
46363,3
46364,4
46365,4
46366,3
46367,3
46368,2
46369,2
46370,3
46371,4
46372,2
46373,4
46374,3
46375,2
46376,1
46377,0
46378,4
46379,2
46380,3
46381,3
46382,3
46383,1
46384,4
46385,4
46386,4
46387,2
46388,2
46389,5
46390,3
46391,3
46392,3
46393,5
46394,2
46395,4
46396,2
46397,2
46398,5
46399,3
46400,4
46401,1
46402,3
46403,0
46404,1
46405,0
46406,1
46407,2
46408,3
46409,4
46410,4
46411,3
46412,5
46413,2
46414,1
46415,2
46416,2
46417,3
46418,4
46419,2
46420,1
46421,3
46422,4
46423,3
46424,4
46425,3
46426,3
46427,2
46428,1
46429,2
46430,4
46431,3
46432,4
46433,4
46434,3
46435,4
46436,4
46437,4
46438,2
46439,4
46440,4
46441,3
46442,4
46443,3
46444,3
46445,1
46446,5
46447,3
46448,2
46449,1
46450,4
46451,3
46452,4
46453,4
46454,3
46455,2
46456,0
46457,3
46458,2
46459,3
46460,5
46461,4
46462,0
46463,3
46464,5
46465,2
46466,0
46467,3
46468,4
46469,3
46470,3
46471,3
46472,5
46473,4
46474,1
46475,2
46476,3
46477,3
46478,2
46479,4
46480,1
46481,1
46482,3
46483,4
46484,2
46485,3
46486,1
46487,3
46488,1
46489,2
46490,4
46491,4
46492,3
46493,5
46494,5
46495,5
46496,2
46497,2
46498,4
46499,3
46500,2
46501,3
46502,1
46503,3
46504,5
46505,2
46506,2
46507,4
46508,1
46509,4
46510,5
46511,3
46512,3
46513,1
46514,2
46515,3
46516,3
46517,3
46518,2
46519,3
46520,2
46521,1
46522,2
46523,3
46524,3
46525,5
46526,5
46527,3
46528,5
46529,3
46530,3
46531,3
46532,5
46533,3
46534,3
46535,4
46536,4
46537,5
46538,2
46539,3
46540,3
46541,3
46542,3
46543,3
46544,5
46545,3
46546,3
46547,4
46548,5
46549,5
46550,2
46551,5
46552,2
46553,3
46554,2
46555,2
46556,2
46557,2
46558,5
46559,5
46560,5
46561,3
46562,3
46563,2
46564,1
46565,3
46566,3
46567,1
46568,3
46569,5
46570,5
46571,1
46572,3
46573,3
46574,1
46575,3
46576,3
46577,2
46578,3
46579,3
46580,3
46581,3
46582,5
46583,2
46584,2
46585,5
46586,3
46587,5
46588,3
46589,4
46590,2
46591,3
46592,3
46593,2
46594,2
46595,1
46596,4
46597,3
46598,4
46599,3
46600,5
46601,4
46602,2
46603,1
46604,5
46605,3
46606,1
46607,3
46608,2
46609,1
46610,4
46611,2
46612,4
46613,4
46614,2
46615,4
46616,2
46617,3
46618,2
46619,1
46620,1
46621,4
46622,2
46623,2
46624,3
46625,4
46626,4
46627,5
46628,2
46629,4
46630,3
46631,3
46632,2
46633,3
46634,3
46635,2
46636,1
46637,1
46638,4
46639,3
46640,4
46641,4
46642,3
46643,3
46644,2
46645,5
46646,2
46647,2
46648,1
46649,4
46650,2
46651,3
46652,1
46653,3
46654,3
46655,1
46656,2
46657,3
46658,1
46659,3
46660,3
46661,4
46662,3
46663,2
46664,5
46665,5
46666,3
46667,3
46668,3
46669,3
46670,5
46671,3
46672,5
46673,3
46674,3
46675,5
46676,5
46677,3
46678,4
46679,3
46680,3
46681,3
46682,3
46683,4
46684,1
46685,2
46686,5
46687,4
46688,3
46689,2
46690,3
46691,3
46692,2
46693,1
46694,5
46695,5
46696,2
46697,4
46698,3
46699,2
46700,4
46701,2
46702,3
46703,4
46704,3
46705,2
46706,5
46707,2
46708,3
46709,4
46710,4
46711,2
46712,3
46713,2
46714,3
46715,2
46716,3
46717,2
46718,5
46719,5
46720,4
46721,2
46722,1
46723,2
46724,3
46725,3
46726,1
46727,2
46728,3
46729,2
46730,2
46731,3
46732,3
46733,2
46734,2
46735,2
46736,4
46737,5
46738,2
46739,3
46740,0
46741,2
46742,5
46743,3
46744,5
46745,1
46746,2
46747,3
46748,3
46749,3
46750,1
46751,4
46752,2
46753,3
46754,5
46755,5
46756,2
46757,1
46758,4
46759,4
46760,4
46761,3
46762,4
46763,5
46764,5
46765,5
46766,4
46767,3
46768,4
46769,3
46770,3
46771,2
46772,4
46773,3
46774,3
46775,1
46776,3
46777,2
46778,3
46779,2
46780,3
46781,5
46782,3
46783,3
46784,2
46785,4
46786,0
46787,4
46788,2
46789,4
46790,2
46791,5
46792,3
46793,2
46794,3
46795,5
46796,1
46797,3
46798,2
46799,2
46800,3
46801,2
46802,3
46803,4
46804,3
46805,1
46806,3
46807,3
46808,5
46809,3
46810,3
46811,2
46812,5
46813,3
46814,1
46815,4
46816,3
46817,1
46818,1
46819,3
46820,0
46821,0
46822,2
46823,2
46824,2
46825,3
46826,3
46827,3
46828,2
46829,3
46830,3
46831,1
46832,5
46833,1
46834,3
46835,0
46836,0
46837,0
46838,4
46839,1
46840,5
46841,4
46842,5
46843,4
46844,5
46845,4
46846,0
46847,1
46848,2
46849,3
46850,0
46851,3
46852,2
46853,3
46854,3
46855,5
46856,0
46857,2
46858,4
46859,3
46860,3
46861,3
46862,2
46863,1
46864,4
46865,2
46866,3
46867,5
46868,5
46869,3
46870,3
46871,2
46872,2
46873,1
46874,3
46875,5
46876,1
46877,2
46878,2
46879,1
46880,1
46881,2
46882,3
46883,3
46884,5
46885,4
46886,3
46887,2
46888,2
46889,3
46890,3
46891,3
46892,4
46893,2
46894,3
46895,0
46896,2
46897,3
46898,5
46899,3
46900,4
46901,3
46902,4
46903,3
46904,3
46905,2
46906,4
46907,2
46908,5
46909,4
46910,4
46911,1
46912,1
46913,3
46914,2
46915,5
46916,3
46917,5
46918,1
46919,4
46920,5
46921,3
46922,5
46923,5
46924,5
46925,3
46926,2
46927,1
46928,2
46929,1
46930,1
46931,3
46932,3
46933,1
46934,2
46935,1
46936,0
46937,3
46938,3
46939,0
46940,1
46941,1
46942,5
46943,4
46944,3
46945,3
46946,3
46947,4
46948,2
46949,4
46950,3
46951,1
46952,3
46953,4
46954,2
46955,2
46956,4
46957,3
46958,3
46959,4
46960,2
46961,4
46962,5
46963,3
46964,5
46965,3
46966,2
46967,1
46968,2
46969,3
46970,1
46971,3
46972,2
46973,3
46974,2
46975,1
46976,3
46977,2
46978,4
46979,2
46980,3
46981,3
46982,4
46983,3
46984,2
46985,3
46986,3
46987,5
46988,3
46989,2
46990,2
46991,3
46992,3
46993,3
46994,2
46995,5
46996,4
46997,4
46998,4
46999,4
47000,2
47001,2
47002,1
47003,2
47004,2
47005,2
47006,2
47007,3
47008,2
47009,0
47010,3
47011,5
47012,1
47013,4
47014,1
47015,1
47016,3
47017,1
47018,2
47019,3
47020,3
47021,2
47022,3
47023,1
47024,2
47025,4
47026,3
47027,1
47028,4
47029,1
47030,2
47031,2
47032,5
47033,2
47034,4
47035,3
47036,4
47037,3
47038,1
47039,3
47040,5
47041,2
47042,3
47043,3
47044,5
47045,3
47046,1
47047,4
47048,4
47049,3
47050,4
47051,3
47052,1
47053,3
47054,4
47055,3
47056,4
47057,2
47058,4
47059,2
47060,5
47061,3
47062,5
47063,4
47064,4
47065,3
47066,2
47067,5
47068,4
47069,4
47070,3
47071,3
47072,3
47073,3
47074,3
47075,3
47076,3
47077,1
47078,4
47079,3
47080,3
47081,3
47082,5
47083,2
47084,2
47085,1
47086,5
47087,3
47088,3
47089,4
47090,3
47091,3
47092,3
47093,3
47094,1
47095,5
47096,3
47097,1
47098,3
47099,1
47100,3
47101,1
47102,4
47103,1
47104,1
47105,3
47106,3
47107,4
47108,3
47109,4
47110,3
47111,3
47112,3
47113,5
47114,3
47115,5
47116,5
47117,2
47118,4
47119,4
47120,4
47121,1
47122,3
47123,1
47124,2
47125,3
47126,0
47127,2
47128,2
47129,2
47130,1
47131,2
47132,4
47133,5
47134,5
47135,2
47136,3
47137,2
47138,2
47139,2
47140,3
47141,0
47142,3
47143,0
47144,1
47145,5
47146,5
47147,4
47148,5
47149,2
47150,5
47151,2
47152,4
47153,3
47154,3
47155,4
47156,4
47157,5
47158,2
47159,4
47160,3
47161,4
47162,4
47163,1
47164,4
47165,2
47166,2
47167,5
47168,5
47169,2
47170,2
47171,3
47172,3
47173,2
47174,4
47175,2
47176,3
47177,3
47178,3
47179,2
47180,3
47181,3
47182,4
47183,3
47184,3
47185,2
47186,3
47187,2
47188,3
47189,3
47190,3
47191,5
47192,3
47193,3
47194,4
47195,1
47196,2
47197,3
47198,3
47199,2
47200,2
47201,5
47202,5
47203,3
47204,2
47205,4
47206,4
47207,5
47208,3
47209,4
47210,5
47211,3
47212,0
47213,2
47214,3
47215,2
47216,1
47217,2
47218,3
47219,3
47220,3
47221,4
47222,1
47223,3
47224,2
47225,3
47226,3
47227,5
47228,2
47229,5
47230,3
47231,2
47232,3
47233,2
47234,4
47235,1
47236,5
47237,2
47238,3
47239,3
47240,3
47241,1
47242,4
47243,5
47244,2
47245,1
47246,4
47247,3
47248,3
47249,4
47250,4
47251,2
47252,2
47253,3
47254,0
47255,5
47256,3
47257,2
47258,1
47259,4
47260,4
47261,4
47262,3
47263,5
47264,2
47265,3
47266,1
47267,2
47268,1
47269,3
47270,3
47271,3
47272,1
47273,2
47274,3
47275,1
47276,3
47277,3
47278,2
47279,0
47280,0
47281,5
47282,2
47283,3
47284,4
47285,2
47286,3
47287,3
47288,3
47289,3
47290,2
47291,5
47292,4
47293,2
47294,5
47295,5
47296,2
47297,2
47298,4
47299,2
47300,2
47301,2
47302,1
47303,3
47304,3
47305,3
47306,5
47307,3
47308,0
47309,3
47310,3
47311,3
47312,3
47313,4
47314,4
47315,4
47316,3
47317,4
47318,1
47319,2
47320,3
47321,1
47322,3
47323,3
47324,3
47325,2
47326,2
47327,2
47328,3
47329,3
47330,2
47331,4
47332,5
47333,2
47334,1
47335,3
47336,5
47337,3
47338,1
47339,1
47340,1
47341,3
47342,3
47343,3
47344,3
47345,5
47346,3
47347,2
47348,3
47349,5
47350,3
47351,3
47352,3
47353,4
47354,4
47355,5
47356,4
47357,3
47358,3
47359,0
47360,3
47361,3
47362,4
47363,4
47364,5
47365,2
47366,3
47367,2
47368,2
47369,5
47370,3
47371,3
47372,3
47373,3
47374,3
47375,2
47376,0
47377,5
47378,2
47379,3
47380,2
47381,4
47382,4
47383,1
47384,4
47385,4
47386,3
47387,5
47388,4
47389,5
47390,4
47391,2
47392,4
47393,5
47394,2
47395,1
47396,4
47397,4
47398,3
47399,3
47400,5
47401,1
47402,0
47403,1
47404,3
47405,3
47406,4
47407,4
47408,4
47409,3
47410,3
47411,2
47412,4
47413,3
47414,0
47415,2
47416,5
47417,3
47418,2
47419,3
47420,2
47421,1
47422,3
47423,3
47424,3
47425,1
47426,4
47427,3
47428,3
47429,2
47430,5
47431,2
47432,3
47433,3
47434,4
47435,4
47436,4
47437,4
47438,1
47439,4
47440,2
47441,4
47442,3
47443,4
47444,2
47445,3
47446,3
47447,3
47448,3
47449,0
47450,4
47451,3
47452,3
47453,0
47454,3
47455,3
47456,4
47457,3
47458,2
47459,5
47460,4
47461,3
47462,2
47463,1
47464,3
47465,1
47466,3
47467,5
47468,1
47469,3
47470,3
47471,1
47472,1
47473,3
47474,3
47475,3
47476,5
47477,3
47478,2
47479,1
47480,4
47481,3
47482,1
47483,2
47484,4
47485,5
47486,3
47487,3
47488,4
47489,2
47490,1
47491,3
47492,3
47493,4
47494,1
47495,2
47496,1
47497,4
47498,2
47499,3
47500,4
47501,4
47502,5
47503,2
47504,3
47505,4
47506,5
47507,5
47508,3
47509,3
47510,2
47511,3
47512,1
47513,4
47514,4
47515,3
47516,3
47517,0
47518,3
47519,5
47520,3
47521,4
47522,2
47523,3
47524,4
47525,4
47526,0
47527,3
47528,2
47529,5
47530,4
47531,4
47532,3
47533,3
47534,4
47535,4
47536,3
47537,3
47538,2
47539,3
47540,3
47541,5
47542,3
47543,3
47544,3
47545,2
47546,2
47547,3
47548,3
47549,4
47550,4
47551,0
47552,2
47553,3
47554,2
47555,1
47556,2
47557,2
47558,4
47559,4
47560,3
47561,5
47562,0
47563,2
47564,2
47565,2
47566,2
47567,3
47568,3
47569,2
47570,3
47571,4
47572,3
47573,3
47574,2
47575,2
47576,2
47577,1
47578,3
47579,5
47580,4
47581,2
47582,3
47583,2
47584,2
47585,3
47586,4
47587,4
47588,4
47589,4
47590,2
47591,3
47592,2
47593,1
47594,5
47595,4
47596,5
47597,2
47598,1
47599,1
47600,1
47601,3
47602,5
47603,2
47604,2
47605,3
47606,4
47607,1
47608,0
47609,3
47610,3
47611,2
47612,2
47613,3
47614,3
47615,4
47616,1
47617,3
47618,4
47619,1
47620,2
47621,1
47622,3
47623,4
47624,4
47625,2
47626,2
47627,2
47628,4
47629,3
47630,4
47631,3
47632,2
47633,3
47634,2
47635,4
47636,2
47637,4
47638,2
47639,3
47640,2
47641,3
47642,5
47643,0
47644,0
47645,3
47646,4
47647,2
47648,3
47649,3
47650,2
47651,3
47652,3
47653,4
47654,3
47655,1
47656,3
47657,2
47658,3
47659,4
47660,0
47661,4
47662,2
47663,3
47664,1
47665,3
47666,3
47667,1
47668,2
47669,2
47670,3
47671,2
47672,4
47673,3
47674,3
47675,1
47676,4
47677,0
47678,1
47679,5
47680,3
47681,4
47682,3
47683,3
47684,2
47685,3
47686,1
47687,5
47688,1
47689,1
47690,2
47691,4
47692,3
47693,2
47694,1
47695,2
47696,5
47697,3
47698,5
47699,0
47700,3
47701,2
47702,4
47703,2
47704,1
47705,3
47706,3
47707,5
47708,5
47709,2
47710,4
47711,1
47712,1
47713,2
47714,3
47715,1
47716,3
47717,2
47718,4
47719,5
47720,3
47721,2
47722,2
47723,4
47724,4
47725,4
47726,3
47727,2
47728,1
47729,3
47730,1
47731,3
47732,2
47733,1
47734,1
47735,5
47736,3
47737,2
47738,3
47739,1
47740,2
47741,4
47742,5
47743,3
47744,5
47745,5
47746,2
47747,2
47748,3
47749,3
47750,5
47751,3
47752,1
47753,3
47754,4
47755,3
47756,4
47757,3
47758,3
47759,5
47760,5
47761,4
47762,5
47763,3
47764,4
47765,2
47766,2
47767,2
47768,3
47769,4
47770,3
47771,0
47772,2
47773,4
47774,4
47775,4
47776,3
47777,2
47778,4
47779,2
47780,1
47781,3
47782,5
47783,3
47784,2
47785,3
47786,2
47787,2
47788,3
47789,5
47790,1
47791,2
47792,4
47793,4
47794,3
47795,3
47796,3
47797,3
47798,3
47799,1
47800,1
47801,4
47802,5
47803,1
47804,2
47805,3
47806,4
47807,2
47808,5
47809,3
47810,3
47811,3
47812,2
47813,2
47814,3
47815,5
47816,3
47817,3
47818,1
47819,2
47820,4
47821,2
47822,3
47823,3
47824,2
47825,2
47826,3
47827,3
47828,4
47829,3
47830,3
47831,0
47832,4
47833,4
47834,3
47835,5
47836,2
47837,3
47838,4
47839,3
47840,3
47841,2
47842,1
47843,3
47844,2
47845,3
47846,5
47847,3
47848,4
47849,2
47850,1
47851,4
47852,4
47853,3
47854,4
47855,3
47856,2
47857,4
47858,5
47859,1
47860,2
47861,5
47862,3
47863,4
47864,5
47865,3
47866,3
47867,3
47868,2
47869,3
47870,3
47871,3
47872,2
47873,5
47874,2
47875,0
47876,3
47877,3
47878,5
47879,3
47880,0
47881,1
47882,5
47883,3
47884,1
47885,1
47886,3
47887,5
47888,2
47889,5
47890,3
47891,5
47892,2
47893,3
47894,4
47895,3
47896,1
47897,4
47898,0
47899,5
47900,3
47901,3
47902,2
47903,1
47904,3
47905,3
47906,2
47907,5
47908,3
47909,3
47910,2
47911,3
47912,4
47913,3
47914,3
47915,3
47916,1
47917,2
47918,3
47919,3
47920,3
47921,3
47922,1
47923,3
47924,3
47925,4
47926,3
47927,2
47928,2
47929,3
47930,4
47931,5
47932,5
47933,4
47934,3
47935,3
47936,3
47937,3
47938,4
47939,2
47940,5
47941,5
47942,1
47943,5
47944,4
47945,1
47946,3
47947,4
47948,2
47949,3
47950,1
47951,4
47952,2
47953,5
47954,4
47955,2
47956,4
47957,2
47958,5
47959,2
47960,5
47961,2
47962,1
47963,1
47964,2
47965,3
47966,1
47967,3
47968,3
47969,4
47970,1
47971,3
47972,2
47973,1
47974,3
47975,3
47976,4
47977,2
47978,3
47979,3
47980,3
47981,1
47982,1
47983,3
47984,2
47985,3
47986,2
47987,3
47988,0
47989,2
47990,1
47991,3
47992,3
47993,5
47994,2
47995,2
47996,5
47997,2
47998,3
47999,3
48000,2
48001,1
48002,0
48003,1
48004,1
48005,0
48006,3
48007,1
48008,1
48009,3
48010,5
48011,5
48012,3
48013,1
48014,1
48015,5
48016,2
48017,3
48018,3
48019,4
48020,3
48021,3
48022,0
48023,2
48024,2
48025,3
48026,5
48027,3
48028,3
48029,4
48030,3
48031,3
48032,3
48033,3
48034,2
48035,3
48036,2
48037,5
48038,3
48039,5
48040,2
48041,3
48042,4
48043,1
48044,3
48045,4
48046,5
48047,4
48048,1
48049,3
48050,5
48051,2
48052,2
48053,2
48054,4
48055,3
48056,2
48057,4
48058,2
48059,5
48060,0
48061,3
48062,5
48063,5
48064,5
48065,4
48066,3
48067,3
48068,2
48069,4
48070,3
48071,5
48072,4
48073,4
48074,3
48075,0
48076,2
48077,4
48078,3
48079,5
48080,2
48081,4
48082,5
48083,3
48084,2
48085,4
48086,4
48087,3
48088,3
48089,1
48090,2
48091,4
48092,2
48093,0
48094,3
48095,3
48096,3
48097,2
48098,3
48099,1
48100,2
48101,4
48102,2
48103,1
48104,3
48105,3
48106,2
48107,3
48108,2
48109,2
48110,3
48111,4
48112,5
48113,1
48114,1
48115,2
48116,5
48117,3
48118,2
48119,3
48120,2
48121,3
48122,3
48123,0
48124,2
48125,5
48126,3
48127,3
48128,4
48129,2
48130,2
48131,4
48132,3
48133,3
48134,2
48135,3
48136,1
48137,3
48138,0
48139,1
48140,1
48141,4
48142,1
48143,3
48144,4
48145,4
48146,3
48147,4
48148,4
48149,5
48150,1
48151,4
48152,3
48153,3
48154,5
48155,3
48156,4
48157,1
48158,4
48159,5
48160,4
48161,5
48162,5
48163,3
48164,2
48165,2
48166,5
48167,3
48168,2
48169,4
48170,4
48171,3
48172,3
48173,3
48174,2
48175,3
48176,1
48177,3
48178,3
48179,2
48180,1
48181,5
48182,3
48183,2
48184,5
48185,1
48186,5
48187,1
48188,2
48189,3
48190,3
48191,5
48192,3
48193,4
48194,5
48195,5
48196,3
48197,5
48198,2
48199,1
48200,3
48201,3
48202,3
48203,3
48204,3
48205,4
48206,0
48207,3
48208,5
48209,3
48210,3
48211,1
48212,2
48213,3
48214,3
48215,5
48216,3
48217,3
48218,4
48219,3
48220,3
48221,2
48222,1
48223,3
48224,4
48225,1
48226,5
48227,2
48228,5
48229,3
48230,5
48231,3
48232,1
48233,3
48234,3
48235,5
48236,1
48237,5
48238,4
48239,3
48240,3
48241,2
48242,2
48243,3
48244,2
48245,4
48246,5
48247,4
48248,2
48249,4
48250,4
48251,4
48252,3
48253,3
48254,3
48255,5
48256,4
48257,5
48258,5
48259,2
48260,1
48261,5
48262,3
48263,2
48264,3
48265,2
48266,3
48267,1
48268,5
48269,1
48270,5
48271,3
48272,0
48273,0
48274,3
48275,0
48276,2
48277,2
48278,3
48279,5
48280,2
48281,4
48282,3
48283,5
48284,2
48285,1
48286,2
48287,1
48288,4
48289,3
48290,4
48291,5
48292,3
48293,1
48294,3
48295,3
48296,2
48297,0
48298,3
48299,3
48300,5
48301,2
48302,1
48303,1
48304,5
48305,4
48306,2
48307,5
48308,4
48309,2
48310,2
48311,2
48312,5
48313,2
48314,3
48315,3
48316,2
48317,2
48318,2
48319,2
48320,1
48321,2
48322,3
48323,4
48324,4
48325,3
48326,2
48327,3
48328,2
48329,3
48330,3
48331,5
48332,3
48333,5
48334,3
48335,2
48336,2
48337,2
48338,2
48339,5
48340,4
48341,2
48342,0
48343,1
48344,5
48345,3
48346,2
48347,4
48348,1
48349,5
48350,3
48351,2
48352,3
48353,3
48354,1
48355,2
48356,2
48357,0
48358,5
48359,4
48360,3
48361,3
48362,2
48363,3
48364,2
48365,1
48366,3
48367,3
48368,3
48369,2
48370,4
48371,3
48372,1
48373,3
48374,3
48375,2
48376,5
48377,1
48378,2
48379,2
48380,5
48381,1
48382,3
48383,5
48384,4
48385,5
48386,3
48387,2
48388,4
48389,1
48390,1
48391,5
48392,3
48393,3
48394,2
48395,5
48396,3
48397,5
48398,0
48399,5
48400,1
48401,3
48402,3
48403,3
48404,5
48405,2
48406,1
48407,2
48408,1
48409,3
48410,4
48411,2
48412,3
48413,4
48414,2
48415,4
48416,2
48417,3
48418,2
48419,4
48420,3
48421,3
48422,2
48423,3
48424,4
48425,1
48426,2
48427,1
48428,3
48429,2
48430,3
48431,3
48432,4
48433,0
48434,2
48435,2
48436,5
48437,5
48438,1
48439,3
48440,2
48441,3
48442,5
48443,2
48444,4
48445,3
48446,4
48447,2
48448,3
48449,3
48450,5
48451,2
48452,2
48453,3
48454,1
48455,5
48456,5
48457,5
48458,4
48459,4
48460,2
48461,2
48462,2
48463,2
48464,5
48465,2
48466,2
48467,3
48468,1
48469,3
48470,2
48471,3
48472,1
48473,1
48474,5
48475,4
48476,1
48477,1
48478,4
48479,5
48480,3
48481,4
48482,2
48483,3
48484,3
48485,2
48486,3
48487,1
48488,2
48489,3
48490,3
48491,2
48492,3
48493,2
48494,0
48495,2
48496,5
48497,3
48498,3
48499,3
48500,5
48501,2
48502,5
48503,5
48504,2
48505,2
48506,3
48507,3
48508,3
48509,3
48510,5
48511,3
48512,5
48513,3
48514,3
48515,3
48516,4
48517,3
48518,2
48519,3
48520,3
48521,2
48522,2
48523,3
48524,0
48525,2
48526,5
48527,2
48528,3
48529,3
48530,0
48531,3
48532,2
48533,4
48534,2
48535,5
48536,3
48537,2
48538,3
48539,1
48540,1
48541,4
48542,2
48543,2
48544,2
48545,3
48546,2
48547,3
48548,4
48549,3
48550,2
48551,5
48552,4
48553,2
48554,3
48555,3
48556,3
48557,4
48558,1
48559,3
48560,5
48561,4
48562,4
48563,3
48564,2
48565,2
48566,2
48567,4
48568,4
48569,1
48570,4
48571,2
48572,2
48573,5
48574,3
48575,2
48576,4
48577,4
48578,4
48579,2
48580,4
48581,5
48582,4
48583,3
48584,3
48585,1
48586,3
48587,1
48588,4
48589,5
48590,2
48591,3
48592,5
48593,3
48594,5
48595,3
48596,4
48597,0
48598,3
48599,2
48600,2
48601,3
48602,5
48603,3
48604,4
48605,1
48606,2
48607,2
48608,1
48609,4
48610,2
48611,3
48612,3
48613,3
48614,3
48615,4
48616,5
48617,1
48618,1
48619,3
48620,4
48621,3
48622,3
48623,3
48624,5
48625,3
48626,4
48627,2
48628,0
48629,2
48630,1
48631,1
48632,3
48633,0
48634,2
48635,1
48636,2
48637,0
48638,3
48639,2
48640,2
48641,3
48642,3
48643,4
48644,3
48645,2
48646,3
48647,3
48648,3
48649,4
48650,3
48651,1
48652,2
48653,3
48654,3
48655,3
48656,2
48657,5
48658,5
48659,1
48660,3
48661,5
48662,3
48663,1
48664,3
48665,3
48666,5
48667,2
48668,5
48669,3
48670,5
48671,3
48672,3
48673,4
48674,5
48675,1
48676,2
48677,1
48678,5
48679,3
48680,3
48681,2
48682,5
48683,3
48684,3
48685,2
48686,2
48687,1
48688,2
48689,4
48690,2
48691,4
48692,1
48693,2
48694,4
48695,5
48696,3
48697,3
48698,4
48699,2
48700,1
48701,2
48702,5
48703,4
48704,3
48705,4
48706,4
48707,4
48708,5
48709,4
48710,5
48711,2
48712,5
48713,3
48714,5
48715,5
48716,2
48717,3
48718,3
48719,1
48720,5
48721,5
48722,3
48723,5
48724,2
48725,4
48726,5
48727,3
48728,4
48729,2
48730,3
48731,3
48732,3
48733,0
48734,3
48735,3
48736,3
48737,3
48738,5
48739,3
48740,5
48741,5
48742,3
48743,4
48744,2
48745,2
48746,4
48747,3
48748,4
48749,5
48750,1
48751,2
48752,3
48753,0
48754,4
48755,1
48756,5
48757,4
48758,5
48759,2
48760,3
48761,3
48762,4
48763,5
48764,5
48765,3
48766,5
48767,1
48768,4
48769,1
48770,1
48771,4
48772,3
48773,2
48774,1
48775,3
48776,2
48777,1
48778,0
48779,3
48780,5
48781,0
48782,3
48783,1
48784,4
48785,5
48786,3
48787,2
48788,5
48789,3
48790,1
48791,3
48792,2
48793,3
48794,4
48795,3
48796,3
48797,4
48798,2
48799,3
48800,5
48801,3
48802,3
48803,3
48804,4
48805,3
48806,4
48807,4
48808,3
48809,3
48810,3
48811,0
48812,2
48813,3
48814,3
48815,2
48816,2
48817,2
48818,1
48819,4
48820,3
48821,3
48822,4
48823,3
48824,3
48825,1
48826,5
48827,3
48828,5
48829,5
48830,5
48831,5
48832,4
48833,3
48834,3
48835,4
48836,3
48837,5
48838,4
48839,3
48840,3
48841,1
48842,3
48843,3
48844,1
48845,0
48846,3
48847,4
48848,4
48849,2
48850,1
48851,5
48852,2
48853,4
48854,5
48855,1
48856,3
48857,2
48858,5
48859,3
48860,3
48861,5
48862,4
48863,3
48864,5
48865,3
48866,4
48867,3
48868,3
48869,2
48870,2
48871,2
48872,3
48873,5
48874,4
48875,2
48876,0
48877,2
48878,3
48879,3
48880,3
48881,4
48882,4
48883,3
48884,3
48885,4
48886,4
48887,1
48888,4
48889,2
48890,2
48891,2
48892,3
48893,3
48894,3
48895,3
48896,4
48897,5
48898,2
48899,1
48900,5
48901,3
48902,5
48903,5
48904,5
48905,2
48906,3
48907,2
48908,3
48909,4
48910,3
48911,2
48912,3
48913,4
48914,5
48915,2
48916,3
48917,4
48918,2
48919,2
48920,3
48921,1
48922,3
48923,3
48924,5
48925,2
48926,0
48927,5
48928,3
48929,1
48930,3
48931,5
48932,4
48933,2
48934,2
48935,3
48936,4
48937,3
48938,2
48939,0
48940,1
48941,0
48942,2
48943,5
48944,0
48945,0
48946,2
48947,2
48948,3
48949,2
48950,1
48951,5
48952,1
48953,4
48954,5
48955,5
48956,3
48957,3
48958,3
48959,2
48960,0
48961,3
48962,2
48963,3
48964,4
48965,3
48966,4
48967,3
48968,5
48969,3
48970,2
48971,4
48972,2
48973,3
48974,4
48975,3
48976,2
48977,3
48978,2
48979,2
48980,5
48981,4
48982,5
48983,4
48984,1
48985,3
48986,5
48987,3
48988,5
48989,3
48990,3
48991,1
48992,3
48993,4
48994,3
48995,1
48996,1
48997,2
48998,4
48999,3
49000,4
49001,1
49002,3
49003,5
49004,3
49005,5
49006,5
49007,3
49008,1
49009,3
49010,4
49011,4
49012,3
49013,4
49014,4
49015,3
49016,2
49017,4
49018,5
49019,3
49020,1
49021,2
49022,2
49023,0
49024,1
49025,2
49026,3
49027,3
49028,4
49029,4
49030,2
49031,1
49032,1
49033,4
49034,3
49035,5
49036,4
49037,2
49038,4
49039,2
49040,3
49041,3
49042,2
49043,3
49044,4
49045,2
49046,5
49047,3
49048,2
49049,2
49050,3
49051,3
49052,5
49053,2
49054,3
49055,5
49056,3
49057,1
49058,3
49059,2
49060,2
49061,0
49062,2
49063,3
49064,2
49065,3
49066,5
49067,1
49068,5
49069,3
49070,4
49071,2
49072,3
49073,4
49074,4
49075,3
49076,2
49077,4
49078,3
49079,5
49080,3
49081,2
49082,4
49083,3
49084,2
49085,5
49086,2
49087,3
49088,3
49089,5
49090,2
49091,5
49092,3
49093,4
49094,4
49095,2
49096,1
49097,0
49098,1
49099,1
49100,3
49101,2
49102,3
49103,3
49104,4
49105,3
49106,4
49107,3
49108,2
49109,3
49110,3
49111,3
49112,3
49113,2
49114,3
49115,4
49116,2
49117,5
49118,1
49119,4
49120,4
49121,3
49122,3
49123,1
49124,2
49125,2
49126,1
49127,1
49128,3
49129,3
49130,5
49131,4
49132,2
49133,3
49134,2
49135,1
49136,0
49137,3
49138,3
49139,2
49140,1
49141,3
49142,2
49143,4
49144,4
49145,3
49146,3
49147,2
49148,3
49149,2
49150,4
49151,2
49152,1
49153,1
49154,4
49155,5
49156,2
49157,2
49158,3
49159,2
49160,3
49161,2
49162,4
49163,1
49164,4
49165,4
49166,1
49167,3
49168,3
49169,2
49170,2
49171,2
49172,3
49173,1
49174,2
49175,3
49176,3
49177,3
49178,3
49179,4
49180,4
49181,1
49182,5
49183,2
49184,2
49185,3
49186,0
49187,5
49188,4
49189,4
49190,3
49191,3
49192,2
49193,5
49194,5
49195,5
49196,0
49197,4
49198,2
49199,4
49200,2
49201,3
49202,1
49203,5
49204,5
49205,4
49206,3
49207,4
49208,3
49209,5
49210,3
49211,3
49212,5
49213,4
49214,3
49215,2
49216,2
49217,2
49218,5
49219,5
49220,2
49221,3
49222,3
49223,2
49224,3
49225,3
49226,2
49227,1
49228,5
49229,2
49230,4
49231,4
49232,3
49233,3
49234,3
49235,5
49236,4
49237,2
49238,2
49239,2
49240,4
49241,3
49242,0
49243,3
49244,1
49245,1
49246,1
49247,1
49248,1
49249,3
49250,5
49251,3
49252,2
49253,1
49254,3
49255,5
49256,5
49257,3
49258,5
49259,4
49260,3
49261,3
49262,1
49263,2
49264,3
49265,0
49266,2
49267,3
49268,3
49269,2
49270,3
49271,1
49272,5
49273,2
49274,3
49275,3
49276,3
49277,2
49278,3
49279,2
49280,0
49281,3
49282,4
49283,1
49284,5
49285,3
49286,5
49287,3
49288,4
49289,3
49290,2
49291,1
49292,2
49293,3
49294,3
49295,1
49296,1
49297,5
49298,2
49299,1
49300,3
49301,3
49302,1
49303,3
49304,5
49305,3
49306,2
49307,1
49308,5
49309,2
49310,3
49311,3
49312,2
49313,3
49314,3
49315,3
49316,3
49317,3
49318,5
49319,4
49320,1
49321,1
49322,5
49323,3
49324,4
49325,3
49326,3
49327,3
49328,4
49329,2
49330,3
49331,4
49332,5
49333,4
49334,4
49335,2
49336,2
49337,3
49338,2
49339,2
49340,4
49341,3
49342,3
49343,2
49344,3
49345,3
49346,2
49347,3
49348,0
49349,3
49350,3
49351,2
49352,3
49353,4
49354,4
49355,4
49356,4
49357,4
49358,4
49359,5
49360,3
49361,2
49362,2
49363,3
49364,3
49365,3
49366,1
49367,3
49368,4
49369,3
49370,3
49371,3
49372,2
49373,5
49374,1
49375,0
49376,3
49377,4
49378,3
49379,2
49380,3
49381,3
49382,4
49383,3
49384,3
49385,3
49386,3
49387,3
49388,4
49389,2
49390,3
49391,3
49392,2
49393,2
49394,2
49395,1
49396,4
49397,2
49398,1
49399,5
49400,3
49401,2
49402,2
49403,3
49404,3
49405,3
49406,3
49407,2
49408,3
49409,3
49410,3
49411,3
49412,5
49413,3
49414,2
49415,2
49416,3
49417,1
49418,2
49419,4
49420,5
49421,2
49422,3
49423,1
49424,5
49425,2
49426,4
49427,3
49428,5
49429,1
49430,3
49431,2
49432,3
49433,3
49434,3
49435,3
49436,2
49437,3
49438,1
49439,2
49440,5
49441,5
49442,3
49443,3
49444,2
49445,4
49446,1
49447,4
49448,4
49449,4
49450,2
49451,3
49452,3
49453,3
49454,4
49455,3
49456,2
49457,4
49458,4
49459,0
49460,3
49461,3
49462,4
49463,5
49464,1
49465,2
49466,3
49467,3
49468,4
49469,4
49470,2
49471,4
49472,3
49473,3
49474,4
49475,1
49476,3
49477,3
49478,3
49479,3
49480,4
49481,3
49482,2
49483,3
49484,1
49485,3
49486,3
49487,3
49488,4
49489,5
49490,5
49491,5
49492,4
49493,5
49494,4
49495,3
49496,2
49497,5
49498,3
49499,5
49500,3
49501,3
49502,1
49503,1
49504,4
49505,1
49506,2
49507,1
49508,4
49509,4
49510,4
49511,3
49512,2
49513,1
49514,3
49515,3
49516,3
49517,3
49518,3
49519,2
49520,1
49521,2
49522,3
49523,2
49524,4
49525,3
49526,3
49527,2
49528,3
49529,3
49530,4
49531,5
49532,1
49533,3
49534,2
49535,3
49536,5
49537,2
49538,1
49539,4
49540,4
49541,5
49542,4
49543,2
49544,1
49545,5
49546,2
49547,4
49548,2
49549,3
49550,3
49551,4
49552,3
49553,3
49554,2
49555,3
49556,3
49557,3
49558,3
49559,4
49560,4
49561,4
49562,3
49563,3
49564,2
49565,3
49566,3
49567,4
49568,4
49569,3
49570,2
49571,0
49572,4
49573,5
49574,2
49575,4
49576,3
49577,3
49578,3
49579,3
49580,2
49581,3
49582,3
49583,5
49584,2
49585,3
49586,4
49587,2
49588,1
49589,4
49590,3
49591,1
49592,3
49593,2
49594,3
49595,3
49596,3
49597,3
49598,4
49599,4
49600,3
49601,3
49602,3
49603,3
49604,1
49605,3
49606,4
49607,2
49608,3
49609,2
49610,4
49611,2
49612,5
49613,2
49614,4
49615,3
49616,0
49617,1
49618,2
49619,2
49620,1
49621,3
49622,4
49623,4
49624,0
49625,2
49626,5
49627,3
49628,3
49629,2
49630,3
49631,2
49632,4
49633,3
49634,3
49635,1
49636,3
49637,3
49638,2
49639,2
49640,3
49641,3
49642,3
49643,2
49644,2
49645,1
49646,2
49647,3
49648,1
49649,5
49650,4
49651,3
49652,2
49653,4
49654,5
49655,2
49656,2
49657,3
49658,3
49659,2
49660,3
49661,1
49662,3
49663,4
49664,4
49665,1
49666,5
49667,2
49668,5
49669,3
49670,2
49671,2
49672,3
49673,2
49674,1
49675,3
49676,4
49677,4
49678,3
49679,4
49680,4
49681,5
49682,2
49683,4
49684,4
49685,5
49686,3
49687,4
49688,3
49689,2
49690,5
49691,5
49692,2
49693,2
49694,3
49695,2
49696,3
49697,2
49698,3
49699,2
49700,2
49701,4
49702,1
49703,2
49704,3
49705,2
49706,1
49707,2
49708,3
49709,4
49710,3
49711,3
49712,4
49713,5
49714,3
49715,2
49716,1
49717,3
49718,3
49719,2
49720,3
49721,2
49722,2
49723,4
49724,3
49725,5
49726,5
49727,3
49728,2
49729,1
49730,3
49731,1
49732,1
49733,3
49734,2
49735,3
49736,3
49737,2
49738,3
49739,2
49740,4
49741,2
49742,1
49743,4
49744,1
49745,1
49746,3
49747,5
49748,3
49749,1
49750,2
49751,3
49752,2
49753,0
49754,4
49755,1
49756,5
49757,2
49758,3
49759,2
49760,0
49761,3
49762,1
49763,1
49764,3
49765,3
49766,4
49767,4
49768,3
49769,5
49770,3
49771,3
49772,2
49773,4
49774,5
49775,3
49776,2
49777,2
49778,3
49779,3
49780,3
49781,1
49782,1
49783,4
49784,1
49785,2
49786,2
49787,2
49788,2
49789,1
49790,4
49791,4
49792,4
49793,0
49794,3
49795,5
49796,2
49797,3
49798,4
49799,5
49800,1
49801,5
49802,4
49803,2
49804,3
49805,2
49806,3
49807,0
49808,5
49809,2
49810,3
49811,2
49812,2
49813,5
49814,3
49815,3
49816,1
49817,3
49818,4
49819,3
49820,3
49821,2
49822,3
49823,1
49824,0
49825,3
49826,4
49827,3
49828,1
49829,4
49830,3
49831,4
49832,3
49833,3
49834,3
49835,5
49836,5
49837,4
49838,5
49839,4
49840,3
49841,4
49842,4
49843,3
49844,4
49845,2
49846,2
49847,2
49848,2
49849,5
49850,2
49851,4
49852,4
49853,4
49854,5
49855,4
49856,3
49857,3
49858,3
49859,3
49860,3
49861,3
49862,2
49863,3
49864,1
49865,5
49866,5
49867,5
49868,1
49869,3
49870,5
49871,3
49872,3
49873,5
49874,2
49875,3
49876,3
49877,2
49878,2
49879,2
49880,3
49881,5
49882,3
49883,1
49884,3
49885,1
49886,3
49887,5
49888,1
49889,3
49890,5
49891,3
49892,5
49893,2
49894,3
49895,3
49896,4
49897,5
49898,3
49899,4
49900,3
49901,3
49902,3
49903,3
49904,3
49905,5
49906,3
49907,2
49908,2
49909,3
49910,4
49911,3
49912,3
49913,4
49914,2
49915,2
49916,2
49917,3
49918,4
49919,4
49920,4
49921,3
49922,1
49923,3
49924,5
49925,4
49926,4
49927,2
49928,3
49929,4
49930,1
49931,3
49932,3
49933,1
49934,2
49935,2
49936,2
49937,2
49938,3
49939,1
49940,3
49941,3
49942,0
49943,3
49944,2
49945,1
49946,3
49947,3
49948,3
49949,3
49950,2
49951,2
49952,3
49953,2
49954,3
49955,3
49956,2
49957,1
49958,3
49959,3
49960,2
49961,2
49962,2
49963,1
49964,3
49965,1
49966,5
49967,3
49968,2
49969,1
49970,5
49971,3
49972,3
49973,0
49974,3
49975,1
49976,5
49977,2
49978,3
49979,1
49980,2
49981,2
49982,3
49983,5
49984,2
49985,2
49986,3
49987,3
49988,3
49989,3
49990,3
49991,5
49992,4
49993,4
49994,3
49995,4
49996,3
49997,1
49998,2
49999,1
